,delay,k_scale,sd,NRMSE,median,R1
0,1.0,0.0,0.0,1.0107648024736218,0.00012082498275703755,0.04521724154275876
1,1.0,0.0,0.05,1.010771120880439,0.00011380001057610042,0.012517791181692179
2,1.0,0.0,0.0824,1.010770940222724,0.0001071290793967562,0.02296868911145334
3,1.0,0.0,0.1357,1.0107773173083263,7.806796827005842e-05,0.14702999414249995
4,1.0,0.0,0.2236,1.0107744560890006,4.4159713804117094e-05,0.07152795707641277
5,1.0,0.0,0.3684,1.0107822674805824,2.4671634263053294e-05,0.08365447334267184
6,1.0,0.0,0.607,1.0108134184361677,4.578965050229395e-06,0.20066545612025116
7,1.0,0.0,1.0,1.0109749168682072,3.6054000218070773e-06,0.07782745602480973
8,1.0,0.1,0.0,0.8871380972965315,-0.14808196213483632,0.9999999895812222
9,1.0,0.1,0.05,0.8828178549274247,0.10273491795875127,0.9999500511140245
10,1.0,0.1,0.0824,0.8941980408828422,-0.1568841035484127,0.9998929054284516
11,1.0,0.1,0.1357,0.8971922927259481,-0.22214700210831273,0.9996162076148236
12,1.0,0.1,0.2236,0.8996446990344988,0.03824071018478828,0.9989939275179794
13,1.0,0.1,0.3684,0.8881007377143381,0.18486769114240054,0.997690911224665
14,1.0,0.1,0.607,0.8798371537897032,-0.8528409897034396,0.9924996951524392
15,1.0,0.1,1.0,0.8839021729865187,-0.7497160612701516,0.977804186525207
16,1.0,0.2,0.0,0.7587537815848467,-0.017020044483938623,0.9999999917331847
17,1.0,0.2,0.05,0.7498976337302105,-0.646699429015109,0.9999870035904214
18,1.0,0.2,0.0824,0.7589226502973893,0.25404217487332353,0.9999717516361134
19,1.0,0.2,0.1357,0.7597578956310186,-0.5562421165091733,0.9999029093137963
20,1.0,0.2,0.2236,0.7583465440833761,0.014561831892706767,0.9997562280510908
21,1.0,0.2,0.3684,0.7564594843856105,0.011861642248890386,0.999410177601948
22,1.0,0.2,0.607,0.7498071222102116,-1.4834025071615815,0.998090995017634
23,1.0,0.2,1.0,0.7433877116891171,-0.7145975525070201,0.99496959277337
24,1.0,0.3,0.0,0.6514519930863685,1.0307792184934441,0.9999999924811896
25,1.0,0.3,0.05,0.6455757986132148,-0.8421894814328109,0.9999943172660913
26,1.0,0.3,0.0824,0.6453834659396516,-0.3639465000424452,0.999987474465422
27,1.0,0.3,0.1357,0.6406498850323918,0.6261211315752675,0.9999575103537781
28,1.0,0.3,0.2236,0.6511046860148723,-0.9534869227282556,0.9998909374713784
29,1.0,0.3,0.3684,0.6479072599230988,0.4589047551855353,0.9997535774307378
30,1.0,0.3,0.607,0.6383221660322035,-0.564842934829657,0.999201834503459
31,1.0,0.3,1.0,0.6302915465212934,0.43709847171761074,0.9977766735581851
32,1.0,0.4,0.0,0.5430675623987424,-0.12141838644990466,0.9999999910977801
33,1.0,0.4,0.05,0.550795168847318,0.19847384236424623,0.9999969490832099
34,1.0,0.4,0.0824,0.5525851019783774,-0.15362259101999837,0.9999934961741839
35,1.0,0.4,0.1357,0.5559815465515919,0.19830040858726092,0.999976115477696
36,1.0,0.4,0.2236,0.5510259013889663,0.12811255879710004,0.9999383213074128
37,1.0,0.4,0.3684,0.5513485184794803,0.012542572119796577,0.9998556304493059
38,1.0,0.4,0.607,0.5593204087206333,0.16710903971741398,0.9995431948811254
39,1.0,0.4,1.0,0.551211652298081,-0.1450582648868878,0.998761891053252
40,1.0,0.5,0.0,0.4757702502872918,0.302212225066132,0.9999999896953407
41,1.0,0.5,0.05,0.4739328607525283,-0.3512665158254251,0.9999980040656731
42,1.0,0.5,0.0824,0.4690704261125783,-0.18986548885578414,0.9999956259467987
43,1.0,0.5,0.1357,0.4754789198657635,0.03377322061923585,0.9999844843683181
44,1.0,0.5,0.2236,0.4689306388140754,-0.10860794465715967,0.9999614719094171
45,1.0,0.5,0.3684,0.47527914969092055,0.01387946000065278,0.999909236733125
46,1.0,0.5,0.607,0.46996644295670903,0.4812171962533637,0.9996952857509126
47,1.0,0.5,1.0,0.4704254281110485,0.16077577803189175,0.9992214274900894
48,1.0,0.6,0.0,0.3873802718950061,0.07195905159077454,0.9999999904038903
49,1.0,0.6,0.05,0.40242577024960546,0.18184800479757401,0.9999986071617396
50,1.0,0.6,0.0824,0.3760630109640593,0.41895766499606235,0.9999969338212363
51,1.0,0.6,0.1357,0.40446065472539094,-0.36213236033910334,0.9999891042459613
52,1.0,0.6,0.2236,0.40603146606861856,-0.009584466823881532,0.9999717428094175
53,1.0,0.6,0.3684,0.40436344359962706,0.23919753898159474,0.99993384733628
54,1.0,0.6,0.607,0.3997094951758253,-0.12799182288845457,0.9998034546906637
55,1.0,0.6,1.0,0.3945810185402415,0.043145814285937445,0.9994558527987616
56,1.0,0.7,0.0,0.33818403337143116,-0.6299250367754008,0.9999999925594256
57,1.0,0.7,0.05,0.3340041054964473,0.3063143603135692,0.999999016270418
58,1.0,0.7,0.0824,0.3271940170482638,-0.22548043233246218,0.9999976941460732
59,1.0,0.7,0.1357,0.32843396667350616,-0.20343223877917574,0.9999922746708965
60,1.0,0.7,0.2236,0.3508009280616055,0.2596078129515673,0.9999796722616292
61,1.0,0.7,0.3684,0.3542065058040353,0.07417084745816582,0.9999540582544542
62,1.0,0.7,0.607,0.3354709209115769,-0.11070940670209822,0.9998461907337421
63,1.0,0.7,1.0,0.3424472690626994,0.46919456255361247,0.9995846386406969
64,1.0,0.8,0.0,0.2574809007288475,0.3701107865968234,0.999999990387936
65,1.0,0.8,0.05,0.30002659539013427,-0.12063695609912789,0.9999992130037465
66,1.0,0.8,0.0824,0.2861116929399031,-0.11299839782584567,0.9999984157004
67,1.0,0.8,0.1357,0.29216542171646187,-0.3346402669857067,0.9999940870613478
68,1.0,0.8,0.2236,0.2986069393718135,0.1088763992811666,0.9999847839625733
69,1.0,0.8,0.3684,0.2926845053333946,-0.2338125248929653,0.9999649844183108
70,1.0,0.8,0.607,0.28812513614101765,-0.26870943681835807,0.9998884951466149
71,1.0,0.8,1.0,0.282983472325538,0.24814368517061683,0.9996705067393226
72,1.0,0.9,0.0,0.21302784669540412,0.18631460683048268,0.9999999919609408
73,1.0,0.9,0.05,0.2299108809641435,0.3718751452600003,0.999999360572619
74,1.0,0.9,0.0824,0.21595318601550378,0.26696972246176953,0.9999986206135911
75,1.0,0.9,0.1357,0.25545821715598005,0.4229543888208691,0.9999951542847398
76,1.0,0.9,0.2236,0.23751569619151344,-0.27072562551867213,0.99998833741082
77,1.0,0.9,0.3684,0.25367038898508015,-0.02413361337526662,0.9999711004625038
78,1.0,0.9,0.607,0.2385812736275465,0.0779643225086083,0.9999152307138109
79,1.0,0.9,1.0,0.2517518644198069,0.38483756670487607,0.9997627408074165
80,1.0,1.0,0.0,0.18235043382686478,0.043829206435526125,0.9999999922064146
81,1.0,1.0,0.05,0.20863335745557204,-0.13110056334958056,0.9999994862113197
82,1.0,1.0,0.0824,0.20521017567858682,-0.05324039974341041,0.9999988684859809
83,1.0,1.0,0.1357,0.20941642975961652,0.08514206740557963,0.9999961835970579
84,1.0,1.0,0.2236,0.18243281345463988,-0.10420630907365079,0.9999896688108334
85,1.0,1.0,0.3684,0.18819728557073037,-0.08318639125921126,0.9999781053274097
86,1.0,1.0,0.607,0.19121041868195332,0.4200782410428172,0.9999267575145991
87,1.0,1.0,1.0,0.2160937521196128,-0.0485565016867513,0.9997985704559182
88,2.0,0.0,0.0,1.0109747523476345,0.00012082498275703755,0.12521413675461188
89,2.0,0.0,0.05,1.010981133862327,0.00011380001057610042,0.08230457869324107
90,2.0,0.0,0.0824,1.01098095140046,0.0001071290793967562,0.12857737278819326
91,2.0,0.0,0.1357,1.0109873921625285,7.806796827005842e-05,0.020557476965795896
92,2.0,0.0,0.2236,1.0109845023755952,4.4159713804117094e-05,0.1610034815940817
93,2.0,0.0,0.3684,1.0109923917507808,2.4671634263053294e-05,0.14061391009005786
94,2.0,0.0,0.607,1.0110238534270894,4.578965050229395e-06,0.21882186028039877
95,2.0,0.0,1.0,1.01118695591649,3.6054000218070773e-06,0.11621631942179964
96,2.0,0.1,0.0,0.9108872839818859,0.07908025768314006,0.9999999897708503
97,2.0,0.1,0.05,0.9117597467378756,0.30897477810271434,0.9999486751479967
98,2.0,0.1,0.0824,0.9075721212679774,0.45863404386770423,0.9998921375938677
99,2.0,0.1,0.1357,0.9053682500838156,0.5475669460140504,0.999621952026233
100,2.0,0.1,0.2236,0.9104751945989177,0.32880489219109016,0.9989857820457086
101,2.0,0.1,0.3684,0.9004363286410947,0.32235484462010355,0.9976478520348817
102,2.0,0.1,0.607,0.908412020727162,-0.26993957900046583,0.9924411382963642
103,2.0,0.1,1.0,0.8959781512317408,-0.024412241876562477,0.9783564256125605
104,2.0,0.2,0.0,0.8528580221506525,0.0004748174315316045,0.999999990436963
105,2.0,0.2,0.05,0.8497127604162901,-0.09623691747322952,0.999987037974081
106,2.0,0.2,0.0824,0.8549746689351341,-0.23744377903678654,0.9999737766972928
107,2.0,0.2,0.1357,0.8462872798376515,0.09992952746062975,0.9999030822178911
108,2.0,0.2,0.2236,0.8491044900516846,0.10321304943036524,0.9997636121777861
109,2.0,0.2,0.3684,0.8514329549793878,0.14050139558488736,0.9994399930737332
110,2.0,0.2,0.607,0.8527369774788924,0.13394463497641806,0.9981849561087058
111,2.0,0.2,1.0,0.8475289878051535,0.04314322745213911,0.9948195279302439
112,2.0,0.3,0.0,0.8383349605056507,0.06800696979981452,0.9999999907700011
113,2.0,0.3,0.05,0.8386564260866641,0.10846502160840964,0.9999943909169573
114,2.0,0.3,0.0824,0.8382889047108605,-0.14868915834910457,0.9999880372045954
115,2.0,0.3,0.1357,0.8397339606246822,0.048259251943340575,0.9999571430146394
116,2.0,0.3,0.2236,0.8382349728599463,-0.027425913421165293,0.9998911799300664
117,2.0,0.3,0.3684,0.8382749149771701,0.3084023349935274,0.9997488867085444
118,2.0,0.3,0.607,0.8381718720794821,0.152689917260097,0.9991990157883687
119,2.0,0.3,1.0,0.838250039986768,0.0641596751312285,0.9976776367118588
120,2.0,0.4,0.0,0.8394912955730057,-0.0840378380331126,0.9999999925996529
121,2.0,0.4,0.05,0.839354623273597,0.01734519210031648,0.999996759164016
122,2.0,0.4,0.0824,0.8396012370756697,-0.06710717592343701,0.9999930586683868
123,2.0,0.4,0.1357,0.8394942816309391,-0.0042261709100955835,0.9999754010377631
124,2.0,0.4,0.2236,0.83961188423104,0.006199833537958943,0.9999392790417582
125,2.0,0.4,0.3684,0.8393714803626949,0.06372686534560756,0.9998614847379463
126,2.0,0.4,0.607,0.8393865746313719,-0.024219374933173967,0.9995416624778106
127,2.0,0.4,1.0,0.839160456345535,0.05783372787347518,0.9987655165033374
128,2.0,0.5,0.0,0.8347580505866498,0.21541470242325206,0.9999999905678404
129,2.0,0.5,0.05,0.8358150715181103,0.05010938571179759,0.9999980046412028
130,2.0,0.5,0.0824,0.8380567737708351,0.11485008399439078,0.9999956576176772
131,2.0,0.5,0.1357,0.8354743580431796,0.012090049368981448,0.9999848742755005
132,2.0,0.5,0.2236,0.8364564842124741,0.059486654414296736,0.9999595471757265
133,2.0,0.5,0.3684,0.8379849202079853,-0.017282362493020204,0.9999116860772063
134,2.0,0.5,0.607,0.8379999232396503,-0.10700550869136785,0.9997068367897091
135,2.0,0.5,1.0,0.8360164632417493,-0.24956277553646825,0.9991744842453975
136,2.0,0.6,0.0,0.8234534265211416,-0.3088995763759782,0.9999999911308982
137,2.0,0.6,0.05,0.8217582201370467,-0.4668818994954494,0.9999985892737043
138,2.0,0.6,0.0824,0.8270178122080671,-0.0959689794676799,0.9999969497966578
139,2.0,0.6,0.1357,0.8270425671721233,0.005191432333350732,0.999989064085897
140,2.0,0.6,0.2236,0.8287076251382712,0.10136886727718236,0.9999725106462762
141,2.0,0.6,0.3684,0.826505449177554,0.31896941705295184,0.9999377943518419
142,2.0,0.6,0.607,0.8246507165476586,-3.906106623738359e-05,0.9997973883119916
143,2.0,0.6,1.0,0.8239758035307821,0.3422544000275878,0.999444804537454
144,2.0,0.7,0.0,0.7974124691759893,-0.2998602131367537,0.9999999921058821
145,2.0,0.7,0.05,0.8010252509616338,-0.1967753843061901,0.9999989683974856
146,2.0,0.7,0.0824,0.8065135000304823,-0.06105549065381083,0.9999978255725533
147,2.0,0.7,0.1357,0.8087796529580875,0.3697601094251899,0.9999921217537785
148,2.0,0.7,0.2236,0.7952239240120164,-0.005945415104565324,0.9999801590956975
149,2.0,0.7,0.3684,0.7993704878135712,-0.00454762418445484,0.9999535069524471
150,2.0,0.7,0.607,0.7980488399463085,-0.09663170325166681,0.9998513480330167
151,2.0,0.7,1.0,0.7914389466067594,-0.20027867908311453,0.9995715017571797
152,2.0,0.8,0.0,0.7794779499675951,-0.29279322688451503,0.9999999908106697
153,2.0,0.8,0.05,0.7706193127845993,0.11398383892922877,0.9999991935468172
154,2.0,0.8,0.0824,0.7655379898589223,-0.39425414808057335,0.999998310210003
155,2.0,0.8,0.1357,0.7742836390514303,0.48152449988922624,0.9999941962154889
156,2.0,0.8,0.2236,0.7689311475282767,0.28761602515721274,0.9999845123047466
157,2.0,0.8,0.3684,0.780538142733731,0.5622501044071667,0.9999639664025408
158,2.0,0.8,0.607,0.7623850244681006,-0.2776851337770728,0.9998826370863678
159,2.0,0.8,1.0,0.769075638375646,0.10001936525065074,0.9996805077358096
160,2.0,0.9,0.0,0.7367023972376292,-0.770202170871172,0.9999999915935126
161,2.0,0.9,0.05,0.7324582933314896,-0.4751003524513657,0.9999993832596976
162,2.0,0.9,0.0824,0.7304123841472361,-0.2538282392388482,0.9999986440171307
163,2.0,0.9,0.1357,0.7310803958642388,-0.26259344098717563,0.9999950782615161
164,2.0,0.9,0.2236,0.7300048334536131,0.41604613822872993,0.999987819238622
165,2.0,0.9,0.3684,0.7317542605602215,-0.26885046749786035,0.9999726841356367
166,2.0,0.9,0.607,0.7393085757046439,0.0218913775980148,0.9999126560363678
167,2.0,0.9,1.0,0.7362891508387225,-0.33408828851991795,0.9997464701243294
168,2.0,1.0,0.0,0.6879166832902479,-0.8406114617196152,0.9999999911620986
169,2.0,1.0,0.05,0.6631751084917029,-0.32294028348816123,0.9999994792999959
170,2.0,1.0,0.0824,0.6534398431993877,0.23429017296797977,0.9999989219574541
171,2.0,1.0,0.1357,0.6456341050674134,0.4742876085104111,0.9999961783925152
172,2.0,1.0,0.2236,0.706807070946635,-0.5125469159228602,0.9999903080058139
173,2.0,1.0,0.3684,0.6852191930919823,-0.5385056835401758,0.999978069308592
174,2.0,1.0,0.607,0.6857428956763465,-0.24528431813927354,0.9999261485686777
175,2.0,1.0,1.0,0.7037133466574933,-0.3950748837668508,0.9998044942202992
176,3.0,0.0,0.0,1.0108302505973954,0.00012082498275703755,0.05568186685607147
177,3.0,0.0,0.05,1.0108365905284038,0.00011380001057610042,0.17633518939271883
178,3.0,0.0,0.0824,1.0108364092553328,0.0001071290793967562,0.10562929337936562
179,3.0,0.0,0.1357,1.0108428080600578,7.806796827005842e-05,0.061047977426896737
180,3.0,0.0,0.2236,1.010839937096606,4.4159713804117094e-05,0.036995966796299726
181,3.0,0.0,0.3684,1.0108477750881104,2.4671634263053294e-05,0.03549213104214497
182,3.0,0.0,0.607,1.010879032044832,4.578965050229395e-06,0.1058781729859907
183,3.0,0.0,1.0,1.0110410780869046,3.6054000218070773e-06,0.06818355827750819
184,3.0,0.1,0.0,0.9275437308341645,-0.02474731142159553,0.9999999912865212
185,3.0,0.1,0.05,0.9275913266905657,0.033963098226690636,0.9999502588997528
186,3.0,0.1,0.0824,0.9268878680606004,0.14065072697587755,0.9998897392354155
187,3.0,0.1,0.1357,0.9269303763701888,0.2044443558239329,0.9996227837492269
188,3.0,0.1,0.2236,0.9264254403548291,0.24904316388028058,0.9990101086135651
189,3.0,0.1,0.3684,0.9285887702496537,0.15777584705080952,0.9978220319577051
190,3.0,0.1,0.607,0.9275067801816669,-0.10242952745892087,0.9927847610494512
191,3.0,0.1,1.0,0.9256449479606196,0.32857557248905767,0.9777955050639324
192,3.0,0.2,0.0,0.9096581065139214,0.04869232717344299,0.9999999906233147
193,3.0,0.2,0.05,0.9095429225601779,0.045970009263610806,0.9999874387019426
194,3.0,0.2,0.0824,0.9098725693642289,-0.042864680655872206,0.9999733102679141
195,3.0,0.2,0.1357,0.9095087080108885,0.03883692781619005,0.9999053081584717
196,3.0,0.2,0.2236,0.9096444185405209,-0.05292387015925179,0.9997559828278818
197,3.0,0.2,0.3684,0.9098163268385717,0.057847956226396574,0.999414694361295
198,3.0,0.2,0.607,0.9097180904601101,-0.09233622038698486,0.9981605333189144
199,3.0,0.2,1.0,0.909468033101488,0.06571189985966364,0.9946403378999122
200,3.0,0.3,0.0,0.9084345748351731,0.20112959723387808,0.9999999900917672
201,3.0,0.3,0.05,0.9081156027994212,-0.015024399056993515,0.9999943975797524
202,3.0,0.3,0.0824,0.9085876098692911,0.17582675315936952,0.9999878488787599
203,3.0,0.3,0.1357,0.9080852348166428,-0.04306879124583625,0.9999558244143925
204,3.0,0.3,0.2236,0.9083984387548069,0.028136692797817317,0.9998912007974425
205,3.0,0.3,0.3684,0.9077517540102822,-0.03525571552550061,0.9997507941203877
206,3.0,0.3,0.607,0.9080540952916907,-0.09854773767103475,0.9991977380571193
207,3.0,0.3,1.0,0.908547644163237,-0.11235781101618766,0.9978128409970971
208,3.0,0.4,0.0,0.8972237984407688,-0.07524517792266833,0.9999999907169138
209,3.0,0.4,0.05,0.8955214442396418,0.49263022631261044,0.9999967827740163
210,3.0,0.4,0.0824,0.8954554228948158,0.20844624624770064,0.9999930738773829
211,3.0,0.4,0.1357,0.8944580096710009,-0.2159120205771329,0.9999765803989886
212,3.0,0.4,0.2236,0.895248885168138,0.4427401301901631,0.9999393310763919
213,3.0,0.4,0.3684,0.8960883281444367,-0.20370385691280016,0.9998573959594846
214,3.0,0.4,0.607,0.8961231208362272,0.24986128210713587,0.9995573619888092
215,3.0,0.4,1.0,0.8888779592869553,0.051122982797849215,0.9987822348786819
216,3.0,0.5,0.0,0.8707236128324429,0.10964018582463159,0.9999999919066884
217,3.0,0.5,0.05,0.8712573525497905,-0.23139325967709626,0.9999980980604406
218,3.0,0.5,0.0824,0.8665748787933714,0.14601404839709825,0.9999955573974666
219,3.0,0.5,0.1357,0.8707890685003434,0.0831001690982977,0.9999841134028153
220,3.0,0.5,0.2236,0.8598629092375678,-0.1205933073291375,0.9999603025187238
221,3.0,0.5,0.3684,0.869511090901973,-0.004519028525133972,0.9999077841148439
222,3.0,0.5,0.607,0.8685152318865875,0.34128734289538476,0.999710015373791
223,3.0,0.5,1.0,0.8671044911239503,-0.5262834102300704,0.9991878075411641
224,3.0,0.6,0.0,0.8337625464023452,-0.3578648672120397,0.999999991560456
225,3.0,0.6,0.05,0.8291055279869654,-0.1604510788731246,0.9999986159821974
226,3.0,0.6,0.0824,0.8348201450782538,-0.42757432219222435,0.9999968584639941
227,3.0,0.6,0.1357,0.8398612431857613,-0.2701227329476613,0.9999893735447343
228,3.0,0.6,0.2236,0.8296451766347164,-0.2185515160808907,0.9999723288938549
229,3.0,0.6,0.3684,0.8226265263178181,-0.028076632367864493,0.9999385103614628
230,3.0,0.6,0.607,0.8335603152723339,0.2870963675139621,0.9997915753053043
231,3.0,0.6,1.0,0.8416997440204147,-0.157844949870746,0.9994513931125253
232,3.0,0.7,0.0,0.8058492766426895,-0.37799960852886205,0.9999999897674778
233,3.0,0.7,0.05,0.8015317493184216,-0.058326512920499285,0.9999990004895929
234,3.0,0.7,0.0824,0.8040402560573646,0.09779439624607535,0.9999977268003397
235,3.0,0.7,0.1357,0.8063267427625945,-0.33885100835810966,0.999992254558117
236,3.0,0.7,0.2236,0.7998619325125421,-0.05714312515775226,0.9999795471446787
237,3.0,0.7,0.3684,0.8090528781045027,-0.42408111344455734,0.9999530188617358
238,3.0,0.7,0.607,0.8075046259549127,-0.25457463375743034,0.999854507938896
239,3.0,0.7,1.0,0.8070907997708631,-0.42694939330207576,0.9995916990162383
240,3.0,0.8,0.0,0.7789508836611188,-0.35110592148134223,0.9999999901740705
241,3.0,0.8,0.05,0.7853081727022255,0.030146890387350578,0.9999992051604321
242,3.0,0.8,0.0824,0.7864952265224476,-0.22656226273465513,0.9999983144297164
243,3.0,0.8,0.1357,0.783768030598872,-0.40257631246569003,0.999993534780782
244,3.0,0.8,0.2236,0.7888052770747302,0.1010949977376746,0.9999842297368092
245,3.0,0.8,0.3684,0.7871213044892342,-0.1748318808437218,0.9999632514253346
246,3.0,0.8,0.607,0.787696464994142,0.0604216635670044,0.9998859690026365
247,3.0,0.8,1.0,0.7879263892563351,-0.26033419046123313,0.9996784411504301
248,3.0,0.9,0.0,0.7739424211990199,-0.2105497515774617,0.9999999928497761
249,3.0,0.9,0.05,0.7737554698554764,-0.28136419278027114,0.9999993357047431
250,3.0,0.9,0.0824,0.7735465947585067,-0.00989020669127666,0.9999986971503831
251,3.0,0.9,0.1357,0.7767180257892116,-0.1151238270967732,0.9999953480644459
252,3.0,0.9,0.2236,0.7705054982100744,-0.2889966432723853,0.9999877983650504
253,3.0,0.9,0.3684,0.7738301335474239,0.21693193398782679,0.9999708151302393
254,3.0,0.9,0.607,0.7754847718688395,0.19179827187433032,0.9999128970006389
255,3.0,0.9,1.0,0.7757447259106489,-0.008781014371641659,0.9997446454026083
256,3.0,1.0,0.0,0.7695491976936963,-0.0632197741809053,0.9999999917411821
257,3.0,1.0,0.05,0.769849986508578,0.09714799933463325,0.9999994618294676
258,3.0,1.0,0.0824,0.7696615823878951,0.13623181615594393,0.9999989527574716
259,3.0,1.0,0.1357,0.7705674084167213,-0.08002364992401617,0.9999962217640409
260,3.0,1.0,0.2236,0.7701328213884433,0.00248432351418848,0.999989740008663
261,3.0,1.0,0.3684,0.7699508863717469,0.014735623487932614,0.9999769990904288
262,3.0,1.0,0.607,0.770546189928465,0.05409929544163447,0.9999293364932651
263,3.0,1.0,1.0,0.7696959796063856,0.05551458251578795,0.999796524820772
264,4.0,0.0,0.0,1.0109061247914772,0.00012082498275703755,0.07621654004209345
265,4.0,0.0,0.05,1.0109124843656783,0.00011380001057610042,0.1026969294708867
266,4.0,0.0,0.0824,1.0109123025310653,0.0001071290793967562,0.11174750128376297
267,4.0,0.0,0.1357,1.010918721154196,7.806796827005842e-05,0.08981441233999182
268,4.0,0.0,0.2236,1.0109158412997037,4.4159713804117094e-05,0.10406515461499377
269,4.0,0.0,0.3684,1.0109237035610235,2.4671634263053294e-05,0.03819067065777759
270,4.0,0.0,0.607,1.010955057192058,4.578965050229395e-06,0.07851489280894125
271,4.0,0.0,1.0,1.0111176016112344,3.6054000218070773e-06,0.16773670996693635
272,4.0,0.1,0.0,0.9434514716657192,-0.04351628240972613,0.9999999930151383
273,4.0,0.1,0.05,0.9421738168364123,0.15556373397308698,0.9999464281898257
274,4.0,0.1,0.0824,0.9428051395803361,0.031184882459607155,0.9998906665038911
275,4.0,0.1,0.1357,0.9411505853342708,0.07950230839429617,0.9996069118523052
276,4.0,0.1,0.2236,0.9433247784790751,-0.13851463001559056,0.9989969527363545
277,4.0,0.1,0.3684,0.9423281302661823,0.24713166847406293,0.9977160559416478
278,4.0,0.1,0.607,0.9421617061251508,-0.04000552208490446,0.9924460110991631
279,4.0,0.1,1.0,0.9429739227374152,0.06651796894620549,0.9787351157612918
280,4.0,0.2,0.0,0.9377301209201653,0.12356100007894778,0.9999999885178213
281,4.0,0.2,0.05,0.9373939461248681,-0.0449147066165933,0.9999872483895134
282,4.0,0.2,0.0824,0.9377305676377977,0.018816053692809143,0.9999724791833492
283,4.0,0.2,0.1357,0.9378492984422543,0.03557258903537666,0.9999037491130023
284,4.0,0.2,0.2236,0.937862798771575,0.0671082483523533,0.9997452258626731
285,4.0,0.2,0.3684,0.9377786958368354,-0.022475292191016905,0.9994347456415177
286,4.0,0.2,0.607,0.9377340797698073,0.13116336012857233,0.9982306006462386
287,4.0,0.2,1.0,0.9376623705785073,-0.11146193231923437,0.9949167600074027
288,4.0,0.3,0.0,0.9245462771312662,0.018200451156167557,0.9999999903931174
289,4.0,0.3,0.05,0.9245301069544108,0.027934168129157277,0.9999942669569649
290,4.0,0.3,0.0824,0.9238552267162375,-0.13893449439367067,0.9999880921770969
291,4.0,0.3,0.1357,0.9248941656738678,0.2095390932371849,0.9999567878939122
292,4.0,0.3,0.2236,0.9234310957177103,-0.10764743357430634,0.9998874522078908
293,4.0,0.3,0.3684,0.9250916992452908,-0.1261540736898282,0.9997587846894068
294,4.0,0.3,0.607,0.9261366790598987,0.021485852855565563,0.9991863821505612
295,4.0,0.3,1.0,0.9245462230733293,-0.20682148238512213,0.9977800291037839
296,4.0,0.4,0.0,0.8974860688621533,-0.7051965132603102,0.9999999915658115
297,4.0,0.4,0.05,0.8990041118781338,0.28390411757999146,0.9999968766340257
298,4.0,0.4,0.0824,0.8966963040791849,0.13143062806044392,0.9999931636601649
299,4.0,0.4,0.1357,0.8955784353456339,-0.5618114946144167,0.9999763863967507
300,4.0,0.4,0.2236,0.8996330100405999,-0.13522921038945945,0.9999395569092816
301,4.0,0.4,0.3684,0.8964740025509389,-0.33807628668752593,0.9998614090842387
302,4.0,0.4,0.607,0.8937530452334436,-0.03474422315256324,0.9995395543856384
303,4.0,0.4,1.0,0.8961256299543087,0.4727706692479321,0.9987642682095564
304,4.0,0.5,0.0,0.8724888162891545,-0.12392910470129674,0.9999999919034059
305,4.0,0.5,0.05,0.8732176632751792,-0.12052898381833099,0.9999980438551072
306,4.0,0.5,0.0824,0.8715880330235306,0.3247173273267891,0.9999956382230158
307,4.0,0.5,0.1357,0.8728738072252271,0.2461516860681257,0.9999848829138158
308,4.0,0.5,0.2236,0.8742065631010959,-0.32255844727675886,0.999960104154175
309,4.0,0.5,0.3684,0.8720660903756975,-0.018112702930406677,0.9999047549635702
310,4.0,0.5,0.607,0.8721423384607264,-0.3760064549976272,0.9997198375383183
311,4.0,0.5,1.0,0.8736175357880828,0.3390534799472962,0.9992125533615136
312,4.0,0.6,0.0,0.8560525573742118,0.052609938011017,0.9999999924839715
313,4.0,0.6,0.05,0.8549891462620975,0.0021941231544517076,0.999998595560906
314,4.0,0.6,0.0824,0.8557631990559661,-0.1417692153620425,0.9999970189909203
315,4.0,0.6,0.1357,0.8558873225400454,0.2804345968086562,0.9999893139435256
316,4.0,0.6,0.2236,0.8562853024429368,0.032695979184785506,0.9999725733801298
317,4.0,0.6,0.3684,0.856612021151612,0.045593715096128945,0.9999375175265401
318,4.0,0.6,0.607,0.8549188458509864,0.05089287676918998,0.9998090188234969
319,4.0,0.6,1.0,0.8556534447709742,-0.346688484474932,0.9994481544896483
320,4.0,0.7,0.0,0.8507815293090801,-0.02781159336354891,0.9999999924505872
321,4.0,0.7,0.05,0.8502888683195857,-0.07305977499366499,0.9999989616033004
322,4.0,0.7,0.0824,0.8503902719744564,-0.14039607041432364,0.9999977705554711
323,4.0,0.7,0.1357,0.8504543917715242,0.09282459164773381,0.9999923387655852
324,4.0,0.7,0.2236,0.8503936968857864,-0.02493691160693165,0.9999797398905089
325,4.0,0.7,0.3684,0.8506593367058705,-0.16637453579168085,0.9999538716027994
326,4.0,0.7,0.607,0.8502887400856056,-0.07164917303703146,0.9998533352962601
327,4.0,0.7,1.0,0.8502987496321174,0.10787596571879085,0.9995970342844663
328,4.0,0.8,0.0,0.8516149530445368,-0.023060169134180068,0.9999999924926051
329,4.0,0.8,0.05,0.8521027694549032,0.13331842497118154,0.9999991957585201
330,4.0,0.8,0.0824,0.8504212281616973,0.05668259732853764,0.999998251674086
331,4.0,0.8,0.1357,0.8506240621392177,-0.21342645595839124,0.9999940523844179
332,4.0,0.8,0.2236,0.8509996508912284,0.06283329265539268,0.9999844158789987
333,4.0,0.8,0.3684,0.8500783706739949,-0.06891965757020227,0.9999654871844803
334,4.0,0.8,0.607,0.8501957912904581,-0.12115051612590731,0.9998840039292411
335,4.0,0.8,1.0,0.8514929711053646,0.12142580159866861,0.9996872172488716
336,4.0,0.9,0.0,0.8493780725325002,0.0031383075530337506,0.9999999911920138
337,4.0,0.9,0.05,0.8540824714543493,-0.0035007797470979485,0.9999993947267405
338,4.0,0.9,0.0824,0.8529484134414,0.2370911466952837,0.9999986966295498
339,4.0,0.9,0.1357,0.8475596320998812,0.16504199079820392,0.9999951760915002
340,4.0,0.9,0.2236,0.8520014565285899,-0.03999460611869887,0.9999878028821372
341,4.0,0.9,0.3684,0.8543941086205536,0.24726268672364105,0.9999718790208181
342,4.0,0.9,0.607,0.8526288450943359,0.38877303587051587,0.999912194408974
343,4.0,0.9,1.0,0.8497040444514709,0.137804718147559,0.9997538579411317
344,4.0,1.0,0.0,0.8527352109037906,0.02383298655564424,0.999999993033138
345,4.0,1.0,0.05,0.835161442235509,-0.21176207622835774,0.9999994887218759
346,4.0,1.0,0.0824,0.8458785000990202,0.7405718470052896,0.9999988906115208
347,4.0,1.0,0.1357,0.8452428427481637,0.4480130755484324,0.9999960949179199
348,4.0,1.0,0.2236,0.8319942976992991,-0.44139510104557683,0.9999900948562426
349,4.0,1.0,0.3684,0.8384634599806097,0.19489930353961646,0.9999770194280031
350,4.0,1.0,0.607,0.8456005141944584,0.07984071031707585,0.9999255410518536
351,4.0,1.0,1.0,0.8504331020887818,0.07984696772175064,0.9997956659131754
352,5.0,0.0,0.0,1.0108372991611818,0.00012082498275703755,0.11819752437357287
353,5.0,0.0,0.05,1.0108436363057254,0.00011380001057610042,0.021216725986892615
354,5.0,0.0,0.0824,1.0108434551123537,0.0001071290793967562,0.08695497881360544
355,5.0,0.0,0.1357,1.0108498511027626,7.806796827005842e-05,0.051915421716719146
356,5.0,0.0,0.2236,1.0108469814022678,4.4159713804117094e-05,0.03719642823081633
357,5.0,0.0,0.3684,1.0108548159448147,2.4671634263053294e-05,0.1253904991077593
358,5.0,0.0,0.607,1.010886059117105,4.578965050229395e-06,0.06794596654604393
359,5.0,0.0,1.0,1.0110480329240856,3.6054000218070773e-06,0.10586948385609998
360,5.0,0.1,0.0,0.9548735402173308,0.1132027879602805,0.9999999892585305
361,5.0,0.1,0.05,0.9550236593395063,0.14526445865826748,0.9999474975085746
362,5.0,0.1,0.0824,0.9549044369247348,0.03742794654942419,0.9998941207597182
363,5.0,0.1,0.1357,0.9550936439531956,-0.007776159006637695,0.9996211715930122
364,5.0,0.1,0.2236,0.9551397413716792,0.05364629361791694,0.998976530823699
365,5.0,0.1,0.3684,0.9550302429339333,0.1039468137436659,0.9977815285859104
366,5.0,0.1,0.607,0.9551286105658419,0.013031962526604712,0.9925013750733089
367,5.0,0.1,1.0,0.9547750258390657,-0.02708209858126316,0.9782261688117733
368,5.0,0.2,0.0,0.9504214426258444,0.053811530950672426,0.9999999918876622
369,5.0,0.2,0.05,0.950973357082099,0.044423141418016045,0.9999874323700706
370,5.0,0.2,0.0824,0.9502040909952378,0.2455804753518905,0.9999722630625058
371,5.0,0.2,0.1357,0.9495613848844648,-0.198239371756663,0.9999042381527908
372,5.0,0.2,0.2236,0.9505772561459108,-0.09064000815446858,0.9997493666095577
373,5.0,0.2,0.3684,0.9495309925960078,0.22272346454865927,0.999431959681561
374,5.0,0.2,0.607,0.9494346490386114,0.13614588536646685,0.998238106348659
375,5.0,0.2,1.0,0.9504703785713341,-0.0545558212103717,0.99490780624141
376,5.0,0.3,0.0,0.9258737921759527,0.21107241020267442,0.999999990723374
377,5.0,0.3,0.05,0.9271011767279441,-0.2123373458156407,0.9999940937540511
378,5.0,0.3,0.0824,0.9268124199294012,0.10750382789835661,0.99998794798183
379,5.0,0.3,0.1357,0.9249127830995348,-0.22420062487022513,0.9999568052939761
380,5.0,0.3,0.2236,0.9261004002509483,0.428543545342052,0.9998852801500911
381,5.0,0.3,0.3684,0.9260273476553699,0.1676351936107559,0.9997595400245578
382,5.0,0.3,0.607,0.9274710153744581,0.016912225093910563,0.999199574731574
383,5.0,0.3,1.0,0.9277309325678442,0.43589006024262644,0.9977296812725486
384,5.0,0.4,0.0,0.8981742889728335,0.015668149191992206,0.999999991889902
385,5.0,0.4,0.05,0.8977008412329329,-0.29167550826047334,0.9999969719341311
386,5.0,0.4,0.0824,0.8989625886127786,-0.12826633762671485,0.9999934619663704
387,5.0,0.4,0.1357,0.9035938511475098,-0.4740783563334321,0.9999763878393338
388,5.0,0.4,0.2236,0.9014616494820549,0.1515231162273853,0.9999375241419415
389,5.0,0.4,0.3684,0.8993289059143794,0.1615673517084738,0.9998642973618346
390,5.0,0.4,0.607,0.9010654477401334,0.30049997372735127,0.9995549790904315
391,5.0,0.4,1.0,0.9023980550150406,-0.12871009026685393,0.9987395183430222
392,5.0,0.5,0.0,0.8890938334791354,-0.11901966194215176,0.9999999911562499
393,5.0,0.5,0.05,0.8887509455024881,-0.1057982311733758,0.9999979568846789
394,5.0,0.5,0.0824,0.8890708129459213,0.0932629056937072,0.999995583047955
395,5.0,0.5,0.1357,0.888889168926388,-0.04427921894449327,0.9999847765736884
396,5.0,0.5,0.2236,0.8893309226476513,-0.18522036469165065,0.9999606404974865
397,5.0,0.5,0.3684,0.8892826105529502,-0.1030769065251065,0.9999099367969985
398,5.0,0.5,0.607,0.8886679618119795,-0.017735357191263346,0.9997112465277811
399,5.0,0.5,1.0,0.8885967227879681,0.032435524371109956,0.9991912139856887
400,5.0,0.6,0.0,0.887290977998607,0.09698904364996068,0.9999999922442673
401,5.0,0.6,0.05,0.888615691784866,0.10766940291068905,0.9999985955698705
402,5.0,0.6,0.0824,0.8886715339445493,-0.011934698208608818,0.9999968864033115
403,5.0,0.6,0.1357,0.8885110216700952,-0.06283820475348123,0.9999893644310585
404,5.0,0.6,0.2236,0.8878943889110055,-0.022161440412707317,0.99997156454341
405,5.0,0.6,0.3684,0.889330480893163,-0.10175252008856128,0.9999386728063389
406,5.0,0.6,0.607,0.8891776330609016,-0.023710456726361795,0.9998084651411611
407,5.0,0.6,1.0,0.889206803927052,0.0821524745345501,0.9994396037015802
408,5.0,0.7,0.0,0.8895286580835541,-0.1555784741309873,0.9999999900404344
409,5.0,0.7,0.05,0.8860016673426102,-0.3096177530895673,0.999998955094833
410,5.0,0.7,0.0824,0.8885231577198298,0.13855109553638467,0.9999977455549315
411,5.0,0.7,0.1357,0.8907435099498442,0.05302254161008291,0.9999923517969137
412,5.0,0.7,0.2236,0.8907487064842576,0.13895202143194385,0.9999797448913551
413,5.0,0.7,0.3684,0.8933114849602012,-0.27022351299667435,0.9999535096768986
414,5.0,0.7,0.607,0.8919614416742979,0.2173317355148938,0.999850896644595
415,5.0,0.7,1.0,0.8900905093446219,-0.1055000734775205,0.9995750092634615
416,5.0,0.8,0.0,0.8889816809156733,0.0676074308570207,0.999999992185812
417,5.0,0.8,0.05,0.8768101105746753,-0.26921753004483673,0.9999991800157557
418,5.0,0.8,0.0824,0.8895205948265456,0.15490826592066215,0.9999983233674106
419,5.0,0.8,0.1357,0.8894650241213811,0.515965842577213,0.9999939605667674
420,5.0,0.8,0.2236,0.8880863386977034,-0.1607595633130417,0.999984409059084
421,5.0,0.8,0.3684,0.8905483207377349,-0.01686053906097408,0.9999644259374573
422,5.0,0.8,0.607,0.8805728227548355,-0.24738114247777201,0.9998878901400942
423,5.0,0.8,1.0,0.8848573523890586,0.6747993863213204,0.9996740469893414
424,5.0,0.9,0.0,0.8875044950333361,-0.16302621293961508,0.9999999938825359
425,5.0,0.9,0.05,0.8682479995014816,0.1258650197112889,0.999999362138911
426,5.0,0.9,0.0824,0.8662790999616237,-0.2782766676577391,0.9999986444149942
427,5.0,0.9,0.1357,0.8895450637754806,0.522941196535168,0.9999951496619672
428,5.0,0.9,0.2236,0.8840657356034574,0.3795903992994527,0.999987182797811
429,5.0,0.9,0.3684,0.8695393169361475,0.31602795603691564,0.999972705641035
430,5.0,0.9,0.607,0.8631100486467643,-0.04776196857710649,0.9999103381662768
431,5.0,0.9,1.0,0.8798813541330094,0.3034096969419431,0.9997507536454433
432,5.0,1.0,0.0,0.8459481640731845,0.18377581180371536,0.999999991623194
433,5.0,1.0,0.05,0.8669841502946242,0.15466249046427635,0.9999995076367585
434,5.0,1.0,0.0824,0.8698599448034694,0.3014705232171857,0.999998942914572
435,5.0,1.0,0.1357,0.8739429504517416,0.23757424397017052,0.9999961527901168
436,5.0,1.0,0.2236,0.8778334696222747,0.1993671046120368,0.999989772594929
437,5.0,1.0,0.3684,0.8649037855685938,0.07694405628159087,0.9999768922519345
438,5.0,1.0,0.607,0.8611205607767144,-0.6281365104047598,0.9999267083263808
439,5.0,1.0,1.0,0.8740469142207895,0.5111940548439535,0.9997978558749152
440,6.0,0.0,0.0,1.0108116393270907,0.00012082498275703755,0.17231728738374547
441,6.0,0.0,0.05,1.0108179659372323,0.00011380001057610042,0.027602730388263684
442,6.0,0.0,0.0824,1.0108177850450444,0.0001071290793967562,0.1728966161541162
443,6.0,0.0,0.1357,1.0108241704045646,7.806796827005842e-05,0.10850555208918068
444,6.0,0.0,0.2236,1.010821305473679,4.4159713804117094e-05,0.030305845050280285
445,6.0,0.0,0.3684,1.0108291269954162,2.4671634263053294e-05,0.07736496770024191
446,6.0,0.0,0.607,1.0108603182628983,4.578965050229395e-06,0.092289752386088
447,6.0,0.0,1.0,1.0110220235021214,3.6054000218070773e-06,0.027664852476715122
448,6.0,0.1,0.0,0.9635601462443348,0.11670677880684047,0.9999999903978363
449,6.0,0.1,0.05,0.9635743937926884,0.05307565005795803,0.9999481566152303
450,6.0,0.1,0.0824,0.9635841071676166,0.020359201188175247,0.9998900492217768
451,6.0,0.1,0.1357,0.9636199610688466,-0.0031851468019513662,0.9996067406574485
452,6.0,0.1,0.2236,0.9636138240155512,0.05119137017471438,0.999022369843508
453,6.0,0.1,0.3684,0.9636304933566514,0.1000869254082254,0.9977869165545994
454,6.0,0.1,0.607,0.9636362323363321,0.1026117705730197,0.9929939611654977
455,6.0,0.1,1.0,0.9636749260191441,0.085967936895261,0.9785032632423194
456,6.0,0.2,0.0,0.9530250027417413,0.03922100343745684,0.9999999909657951
457,6.0,0.2,0.05,0.9546293169210437,-0.2491768259133561,0.999986855026645
458,6.0,0.2,0.0824,0.9558585080361078,-0.2933762752786241,0.9999735453771235
459,6.0,0.2,0.1357,0.9540187314270391,-0.006089678058750048,0.999906177033859
460,6.0,0.2,0.2236,0.9519156704213355,0.19874561301541419,0.9997519267096383
461,6.0,0.2,0.3684,0.9548874145044746,0.10034316236926569,0.9994178202092046
462,6.0,0.2,0.607,0.9535236432684104,0.5373880881852953,0.9981790638634274
463,6.0,0.2,1.0,0.9534577534714737,-0.09231165165673424,0.9949873048555934
464,6.0,0.3,0.0,0.9296322369944998,0.12373278446328359,0.9999999910642
465,6.0,0.3,0.05,0.9299719155581601,0.06892197316283905,0.9999942427650504
466,6.0,0.3,0.0824,0.9280169364090914,0.02492247635347837,0.9999876648793596
467,6.0,0.3,0.1357,0.9286690101605377,-0.10812126805436839,0.9999576861589838
468,6.0,0.3,0.2236,0.928828361829204,0.10690865771172792,0.9998899719173785
469,6.0,0.3,0.3684,0.9268964948725912,0.24203695674749426,0.999746482557883
470,6.0,0.3,0.607,0.9289866508068723,0.1526275943788289,0.9991924069243512
471,6.0,0.3,1.0,0.9283981216688749,-0.156590144114861,0.9977458463723096
472,6.0,0.4,0.0,0.9149572256161155,-0.5398119069578516,0.9999999932787559
473,6.0,0.4,0.05,0.9147577743445248,0.05154937469338765,0.9999969707271414
474,6.0,0.4,0.0824,0.914503329167188,-0.12611384341116227,0.9999930265835524
475,6.0,0.4,0.1357,0.9164684866795102,0.19670733472069873,0.9999754386662005
476,6.0,0.4,0.2236,0.9146407860666904,0.0077857454593224865,0.9999378838543965
477,6.0,0.4,0.3684,0.9149591408672516,0.013107512438517169,0.9998561828407622
478,6.0,0.4,0.607,0.9149464131214546,0.03662861959229095,0.9995339952973912
479,6.0,0.4,1.0,0.9152662708324228,0.07109391065146148,0.9986782296746035
480,6.0,0.5,0.0,0.9150632811949252,0.08130410746017515,0.9999999897587523
481,6.0,0.5,0.05,0.914448268923967,0.03672751173029082,0.9999979249411611
482,6.0,0.5,0.0824,0.9133449146337946,-0.058863497723243036,0.99999549118541
483,6.0,0.5,0.1357,0.9161409108776449,-0.27516929565757053,0.9999847552737601
484,6.0,0.5,0.2236,0.9153921528905944,-0.1122117882547526,0.9999601952691461
485,6.0,0.5,0.3684,0.9154241219006872,0.07742435267378339,0.9999054937802929
486,6.0,0.5,0.607,0.9151885864923208,0.09604791512311434,0.9997133382872654
487,6.0,0.5,1.0,0.9149303154071985,0.0741783262828658,0.9992062717765647
488,6.0,0.6,0.0,0.9169295127524486,0.08906436548296459,0.9999999908867552
489,6.0,0.6,0.05,0.9200121935365282,-0.00970682460971109,0.9999986898658684
490,6.0,0.6,0.0824,0.9186248586981485,-0.14167719740521334,0.9999969217019408
491,6.0,0.6,0.1357,0.9185489034485991,0.16759605527922727,0.9999892623307263
492,6.0,0.6,0.2236,0.9163553374965456,0.12120563731883384,0.9999714640328599
493,6.0,0.6,0.3684,0.9197239811974484,0.3194988351604904,0.9999378122870373
494,6.0,0.6,0.607,0.9162390376760495,0.11851413605200199,0.999801769740919
495,6.0,0.6,1.0,0.9171328090743454,0.04089387000340763,0.9994343570081312
496,6.0,0.7,0.0,0.9139445275548559,0.24599591417481786,0.9999999937016939
497,6.0,0.7,0.05,0.8922562288406821,0.6048972389768306,0.9999989872005477
498,6.0,0.7,0.0824,0.9149624445554476,0.19271095097575636,0.9999977673502023
499,6.0,0.7,0.1357,0.8887637092531421,0.2071198858821591,0.9999920802563271
500,6.0,0.7,0.2236,0.9153015872034245,-0.40045912855191224,0.9999795793685252
501,6.0,0.7,0.3684,0.915281260855701,-0.04800869084031645,0.9999533880941152
502,6.0,0.7,0.607,0.9115685295561008,0.7913971705917889,0.9998629236676936
503,6.0,0.7,1.0,0.9158279173883753,0.09124885617633352,0.9995994149481744
504,6.0,0.8,0.0,0.9037567634624932,0.12489986423446356,0.9999999927879352
505,6.0,0.8,0.05,0.9046202886991557,0.1492907511133047,0.9999992184563108
506,6.0,0.8,0.0824,0.9103460798427112,-0.06565252862503192,0.9999983832735068
507,6.0,0.8,0.1357,0.904343236901713,0.24757780050416578,0.9999940021404349
508,6.0,0.8,0.2236,0.9066901777146529,-0.26387497702071205,0.9999846331013553
509,6.0,0.8,0.3684,0.9012428623017829,0.06934066551472866,0.9999650363096938
510,6.0,0.8,0.607,0.9113510573897956,0.03867801081640698,0.9998869139358602
511,6.0,0.8,1.0,0.9070556489388305,0.5978196241167495,0.9996882887362238
512,6.0,0.9,0.0,0.8949210045588738,-0.026557492458597953,0.9999999935062683
513,6.0,0.9,0.05,0.8932464128137294,0.10327732465264206,0.9999993543996362
514,6.0,0.9,0.0824,0.8890842009900887,-0.13634921185281051,0.9999985969267007
515,6.0,0.9,0.1357,0.8926578701036795,-0.3314443412905992,0.9999951732229377
516,6.0,0.9,0.2236,0.8914300347469832,-0.04470743502959057,0.9999872360888812
517,6.0,0.9,0.3684,0.8911338669360639,0.06624549361837963,0.9999717209959793
518,6.0,0.9,0.607,0.8890070333434779,0.29747298844404985,0.9999047028164254
519,6.0,0.9,1.0,0.892434250647311,-0.15246127399784204,0.9997429856711336
520,6.0,1.0,0.0,0.8831801103737885,-0.04353271519127977,0.9999999927085873
521,6.0,1.0,0.05,0.8844374394705905,-0.3610522476383902,0.9999994979984472
522,6.0,1.0,0.0824,0.8829601497839197,0.0931343803998918,0.9999989026089874
523,6.0,1.0,0.1357,0.8770926581689692,0.32051445311560456,0.9999962326086123
524,6.0,1.0,0.2236,0.8784696378175243,-0.11554025362643759,0.9999901328495826
525,6.0,1.0,0.3684,0.8758934576682055,-0.40996481825874914,0.9999766436028158
526,6.0,1.0,0.607,0.8774879143891899,0.2723246080929768,0.9999290165251871
527,6.0,1.0,1.0,0.8776734017354721,0.1136056663168265,0.9997994323061888
528,7.0,0.0,0.0,1.0107172271930556,0.00012082498275703755,0.0866016962770679
529,7.0,0.0,0.05,1.0107235245238813,0.00011380001057610042,0.04692191056035436
530,7.0,0.0,0.0824,1.0107233444687478,0.0001071290793967562,0.053382690349209186
531,7.0,0.0,0.1357,1.0107297002847018,7.806796827005842e-05,0.11984509133531034
532,7.0,0.0,0.2236,1.0107268486082053,4.4159713804117094e-05,0.029046406220625758
533,7.0,0.0,0.3684,1.010734633948007,2.4671634263053294e-05,0.11266813722830304
534,7.0,0.0,0.607,1.0107656810439518,4.578965050229395e-06,0.08380047863238493
535,7.0,0.0,1.0,1.010926641839749,3.6054000218070773e-06,0.12505230348174404
536,7.0,0.1,0.0,0.9742751005442055,0.006993604450682547,0.9999999895305367
537,7.0,0.1,0.05,0.974316877497877,-0.02472356886971512,0.9999485820406606
538,7.0,0.1,0.0824,0.9742960410095136,0.09644875492545366,0.9998932709932674
539,7.0,0.1,0.1357,0.9743102603942357,0.11544213263538997,0.9996163708366378
540,7.0,0.1,0.2236,0.9743358161672762,0.03489268837100018,0.9989637733644083
541,7.0,0.1,0.3684,0.9743991820843434,-0.0031200386445903797,0.9976248041129723
542,7.0,0.1,0.607,0.9743065274166368,-0.022375916614357477,0.9922662693164883
543,7.0,0.1,1.0,0.9742168967955236,0.03161242915819429,0.9780695857546264
544,7.0,0.2,0.0,0.9608254859467856,0.33205686157599684,0.9999999918336318
545,7.0,0.2,0.05,0.9581311152034411,-0.2821974886442631,0.9999870548401102
546,7.0,0.2,0.0824,0.9537925364734504,0.5800981836517273,0.9999719795610105
547,7.0,0.2,0.1357,0.9575231964077001,0.25601363565228463,0.9999040332559754
548,7.0,0.2,0.2236,0.955508516245665,0.1739746188510916,0.999740640089761
549,7.0,0.2,0.3684,0.9547267627426133,-0.08051730681504615,0.9994418154251589
550,7.0,0.2,0.607,0.9579421066577435,-0.28373660501556897,0.9981667294205447
551,7.0,0.2,1.0,0.9604869216197033,0.05912066977078409,0.9950143493312
552,7.0,0.3,0.0,0.9314094056477498,0.17982021838011186,0.9999999907047731
553,7.0,0.3,0.05,0.9319227413331117,-0.33124663679601984,0.9999943385730068
554,7.0,0.3,0.0824,0.9323505708738103,-0.534705712816532,0.9999882243580338
555,7.0,0.3,0.1357,0.9327892889309012,-0.1337725457543964,0.9999579371757609
556,7.0,0.3,0.2236,0.9341058578242475,0.062401215908901964,0.9998889470647553
557,7.0,0.3,0.3684,0.9324289235590949,0.20018802215695541,0.999749158561309
558,7.0,0.3,0.607,0.9330619898750047,-0.019673564122427906,0.9991910661391867
559,7.0,0.3,1.0,0.9323376688049202,-0.6459832634912119,0.9977291227767472
560,7.0,0.4,0.0,0.9270915864564674,0.017646373991016512,0.9999999883154025
561,7.0,0.4,0.05,0.9272243039265595,-0.10587770994688747,0.9999968031076848
562,7.0,0.4,0.0824,0.9281591843746739,0.0615289024929333,0.9999931056841989
563,7.0,0.4,0.1357,0.9271711351905649,-0.027057900411128766,0.9999766654439607
564,7.0,0.4,0.2236,0.9282633194707218,-0.24717494816360736,0.9999361428644515
565,7.0,0.4,0.3684,0.9276247640115071,0.08659145807179863,0.9998592344708311
566,7.0,0.4,0.607,0.9278803626832377,-0.10937991920194853,0.9995422754490781
567,7.0,0.4,1.0,0.9278503083719468,0.05247451883935813,0.9987204737198403
568,7.0,0.5,0.0,0.9319175727399096,-0.009969995674421028,0.9999999916851317
569,7.0,0.5,0.05,0.9275113643000102,-0.17454462745427418,0.9999979478694723
570,7.0,0.5,0.0824,0.9315290554384901,0.35947219828460375,0.999995699455088
571,7.0,0.5,0.1357,0.9306017931369043,0.16442844065114615,0.9999842107848123
572,7.0,0.5,0.2236,0.9316893218096824,-0.046351909993346374,0.9999601751256139
573,7.0,0.5,0.3684,0.9305318364074435,0.020900282019060967,0.9999088528717655
574,7.0,0.5,0.607,0.9297146818717233,0.07016642552555166,0.9997012291908106
575,7.0,0.5,1.0,0.9318398119533239,0.10175272049202144,0.999221739935028
576,7.0,0.6,0.0,0.928333191551302,-0.03948691837720256,0.9999999906011133
577,7.0,0.6,0.05,0.9193057512906114,0.2037190955258412,0.9999985619785656
578,7.0,0.6,0.0824,0.9281536223417037,0.1058360266911204,0.9999969873305773
579,7.0,0.6,0.1357,0.9199366883631686,0.6627745131634415,0.9999893012465252
580,7.0,0.6,0.2236,0.9263565838896949,-0.12651764253991643,0.9999729109070046
581,7.0,0.6,0.3684,0.9294106428333021,0.03237772013167131,0.9999378773874162
582,7.0,0.6,0.607,0.9202396240444825,0.09555075034628799,0.9998046148584124
583,7.0,0.6,1.0,0.9247909537686392,0.2656651049443755,0.9994441916964403
584,7.0,0.7,0.0,0.9213539485624407,0.04384509780380084,0.999999990289811
585,7.0,0.7,0.05,0.9209384629514795,0.1866994570114926,0.9999989521724243
586,7.0,0.7,0.0824,0.9224035424348288,-0.10514416845528815,0.9999978764770578
587,7.0,0.7,0.1357,0.9210477358090298,0.46815106601666967,0.9999922361335795
588,7.0,0.7,0.2236,0.9180010459256008,0.3268165447110164,0.9999791209479651
589,7.0,0.7,0.3684,0.9184547351880659,0.03860484857356648,0.9999538795771578
590,7.0,0.7,0.607,0.922592435025548,0.22911563304642263,0.9998578290941036
591,7.0,0.7,1.0,0.9198801472895968,-0.2721317715759114,0.9995879416311433
592,7.0,0.8,0.0,0.9112585804952837,0.0691989314753874,0.9999999921518817
593,7.0,0.8,0.05,0.9102777393756686,-0.029891540467987684,0.9999992142640798
594,7.0,0.8,0.0824,0.909828633714614,-0.0826838723871104,0.9999982756661862
595,7.0,0.8,0.1357,0.9143700987789349,-0.4680809931571939,0.9999939702941334
596,7.0,0.8,0.2236,0.9129988556771759,-0.04224202240125783,0.9999842690418198
597,7.0,0.8,0.3684,0.9142283080953258,0.13438301849363352,0.9999645561480157
598,7.0,0.8,0.607,0.9142241265273605,-0.20658666590234825,0.999884090009957
599,7.0,0.8,1.0,0.9139562803951421,-0.03783399384331623,0.9996886786966636
600,7.0,0.9,0.0,0.9049386648270178,0.07735798368570186,0.9999999922506513
601,7.0,0.9,0.05,0.9031410940880482,-0.0069399313879215385,0.9999993669000402
602,7.0,0.9,0.0824,0.9057180686775137,-0.07227242223577013,0.9999985914016382
603,7.0,0.9,0.1357,0.9065602420816462,0.08114469373324174,0.9999951559337522
604,7.0,0.9,0.2236,0.9050491671430967,0.3958640305666655,0.999987604634648
605,7.0,0.9,0.3684,0.9061137503318069,-0.24608000565105112,0.9999723175040662
606,7.0,0.9,0.607,0.9050278705971561,0.01766139623332383,0.9999122314448065
607,7.0,0.9,1.0,0.9053691459295351,0.2365679444518537,0.9997553322802835
608,7.0,1.0,0.0,0.9026730451839599,5.5836736718590727e-05,0.9999999911652621
609,7.0,1.0,0.05,0.9027903361219065,0.023310276030095833,0.999999500200074
610,7.0,1.0,0.0824,0.9026320404028094,0.10640900646755169,0.999998887238584
611,7.0,1.0,0.1357,0.9027694304737592,-0.012160858465250862,0.9999961268654248
612,7.0,1.0,0.2236,0.9025655523948103,0.08594801979537423,0.9999901567401394
613,7.0,1.0,0.3684,0.9023661804375648,0.22036541280560012,0.9999779257998603
614,7.0,1.0,0.607,0.9026757393249936,-0.10758642813546582,0.9999261241941091
615,7.0,1.0,1.0,0.9025959351260386,-0.04294752268814689,0.999793525320412
616,8.0,0.0,0.0,1.010836186120614,0.00012082498275703755,0.08610151039944651
617,8.0,0.0,0.05,1.010842516765927,0.00011380001057610042,0.03426620003482182
618,8.0,0.0,0.0824,1.0108423357584062,0.0001071290793967562,0.010677231266006205
619,8.0,0.0,0.1357,1.0108487251875822,7.806796827005842e-05,0.13048998920193458
620,8.0,0.0,0.2236,1.0108458584311386,4.4159713804117094e-05,0.08867872127668817
621,8.0,0.0,0.3684,1.0108536849353476,2.4671634263053294e-05,0.06100716649050276
622,8.0,0.0,0.607,1.0108848960263455,4.578965050229395e-06,0.10113122838849412
623,8.0,0.0,1.0,1.0110467028692427,3.6054000218070773e-06,0.13043700575282377
624,8.0,0.1,0.0,0.9779338843313484,0.15417400179431023,0.999999989464179
625,8.0,0.1,0.05,0.9780895445553294,-0.07907028308208747,0.9999486302886644
626,8.0,0.1,0.0824,0.9782427452521485,0.014577647195126109,0.9998948318619962
627,8.0,0.1,0.1357,0.977957974975534,-0.002245156629442413,0.999602860852273
628,8.0,0.1,0.2236,0.9781237619094932,-0.055474475453082914,0.9989468040384464
629,8.0,0.1,0.3684,0.9781911570504354,0.01098996510069003,0.997790353565733
630,8.0,0.1,0.607,0.9781574241389362,0.04158386322661789,0.9926754187191937
631,8.0,0.1,1.0,0.9778467107339867,0.02410381814940904,0.9786506400190684
632,8.0,0.2,0.0,0.9588137240962229,-0.09294271252908634,0.9999999890968634
633,8.0,0.2,0.05,0.9603603807853804,0.1403899915021869,0.9999876472312637
634,8.0,0.2,0.0824,0.9552521488379595,0.36807233604091655,0.9999737532055952
635,8.0,0.2,0.1357,0.9580675895542782,-0.3973777003989333,0.9999056381805808
636,8.0,0.2,0.2236,0.9573462911415431,-0.08551269122560994,0.9997472047493208
637,8.0,0.2,0.3684,0.9597132988156465,0.11685823602522799,0.9994404451270289
638,8.0,0.2,0.607,0.9592517918246298,0.1224113370594352,0.9981866543866675
639,8.0,0.2,1.0,0.9590081007362165,0.03810606550365633,0.9948949685449628
640,8.0,0.3,0.0,0.9451457537015073,0.31811890291461487,0.9999999911609289
641,8.0,0.3,0.05,0.9441238113024618,-0.2596032248139858,0.9999945181806467
642,8.0,0.3,0.0824,0.944427816968345,-0.0037599732687804976,0.9999876098279072
643,8.0,0.3,0.1357,0.9442213325110425,0.28651830718287435,0.9999570822333747
644,8.0,0.3,0.2236,0.9452262601728497,0.10130739458839871,0.9998896622264342
645,8.0,0.3,0.3684,0.9441820783102166,0.13621367033339765,0.9997455817251082
646,8.0,0.3,0.607,0.9444077041201826,0.027915003561709603,0.9991857276121966
647,8.0,0.3,1.0,0.9442586331242233,-0.20652350695486343,0.9977446558823311
648,8.0,0.4,0.0,0.9480160009338111,-0.14133952185469012,0.9999999920239463
649,8.0,0.4,0.05,0.9482392695683273,-0.04943994723895473,0.9999967185249915
650,8.0,0.4,0.0824,0.9476221225788999,-0.06601941266452135,0.9999929530428903
651,8.0,0.4,0.1357,0.9482432870017545,-0.11643307072161857,0.9999763710914678
652,8.0,0.4,0.2236,0.9477310921425948,-0.01775902890627485,0.9999389456880132
653,8.0,0.4,0.3684,0.9469879163202672,-0.2139143613899661,0.9998597549845757
654,8.0,0.4,0.607,0.9474625464660428,0.031094097103763457,0.9995815805670997
655,8.0,0.4,1.0,0.9477403819324313,0.07041687024437901,0.9987191032735038
656,8.0,0.5,0.0,0.9483366038030508,-0.10082818900504328,0.9999999928106905
657,8.0,0.5,0.05,0.9433307876477135,-0.04017801057246628,0.9999978739650577
658,8.0,0.5,0.0824,0.9486063682101957,-0.03870354410932403,0.9999956173388239
659,8.0,0.5,0.1357,0.9469933306156537,-0.3413588938433939,0.9999849567217401
660,8.0,0.5,0.2236,0.9484461767878035,0.25345518573296405,0.9999589109013571
661,8.0,0.5,0.3684,0.9462023498029596,-0.13996990973231238,0.9999103697264686
662,8.0,0.5,0.607,0.9454637171954338,-0.05066229803226499,0.9997048746287786
663,8.0,0.5,1.0,0.948241621170161,0.05025138375130933,0.9991796672913136
664,8.0,0.6,0.0,0.940100000122804,0.024733677226745063,0.9999999928433562
665,8.0,0.6,0.05,0.9356460906463042,-0.3454877734083509,0.99999851310981
666,8.0,0.6,0.0824,0.9371099845875845,0.08694895982059683,0.9999970455529557
667,8.0,0.6,0.1357,0.9390253099116385,0.16606375139396423,0.9999891571284224
668,8.0,0.6,0.2236,0.9375432812397508,0.1136600020903051,0.9999725129642592
669,8.0,0.6,0.3684,0.9364154804417216,-0.0009402564882222408,0.9999388356323262
670,8.0,0.6,0.607,0.9358064260654116,-0.11477670856718672,0.9997929284832342
671,8.0,0.6,1.0,0.9390733068001401,-0.05904283902372964,0.999443525987017
672,8.0,0.7,0.0,0.9243245304761517,-0.1220610480491797,0.9999999915884212
673,8.0,0.7,0.05,0.9249749093473847,0.2886336594724204,0.9999989676564558
674,8.0,0.7,0.0824,0.9256011418399867,0.09667512034664232,0.9999977211252401
675,8.0,0.7,0.1357,0.922602990213409,-0.25480025295827113,0.9999922138215328
676,8.0,0.7,0.2236,0.9275056214973264,-0.14417268222605817,0.9999799877834926
677,8.0,0.7,0.3684,0.9169117310061797,-0.399332675258656,0.9999543282398515
678,8.0,0.7,0.607,0.9232468006765686,-0.10195729045880349,0.9998512258305245
679,8.0,0.7,1.0,0.9254665336708908,0.10819148322204597,0.9995841550438088
680,8.0,0.8,0.0,0.9176864541631116,-0.055782686261884214,0.9999999931063059
681,8.0,0.8,0.05,0.9161755955386066,-0.28147821230046766,0.9999991285857943
682,8.0,0.8,0.0824,0.916503847079634,-0.15100819360697001,0.9999983669116533
683,8.0,0.8,0.1357,0.9148751212268648,-0.07651927530829239,0.9999939344017905
684,8.0,0.8,0.2236,0.9156655004705717,-0.1324089711828063,0.9999844348427004
685,8.0,0.8,0.3684,0.916465107765987,0.021157171791498453,0.9999645211578598
686,8.0,0.8,0.607,0.9167112518359632,0.08089211246676054,0.9998811407895362
687,8.0,0.8,1.0,0.9163003426169123,-0.1791924112068068,0.9996865138909796
688,8.0,0.9,0.0,0.9125213462947431,-0.07509766876813528,0.9999999913793746
689,8.0,0.9,0.05,0.9125699236832582,0.14465311349212123,0.9999993857225999
690,8.0,0.9,0.0824,0.9124967308488849,0.020057419505742774,0.9999986937296349
691,8.0,0.9,0.1357,0.9123078574667354,-0.16254425792642335,0.9999953658897917
692,8.0,0.9,0.2236,0.9125429383943708,-0.08488061220734378,0.9999878573013974
693,8.0,0.9,0.3684,0.912570489964853,-0.2568534591466164,0.9999708914116354
694,8.0,0.9,0.607,0.9124035557055006,-0.08865755011166254,0.9999140989715752
695,8.0,0.9,1.0,0.9123993970114336,-0.13754765454852558,0.9997535439880882
696,8.0,1.0,0.0,0.9119412963500386,0.4534829749345363,0.9999999931093201
697,8.0,1.0,0.05,0.9126739849336749,-0.21176649549004906,0.9999994998844157
698,8.0,1.0,0.0824,0.9129496292534262,0.047998707867504126,0.9999989281152186
699,8.0,1.0,0.1357,0.9166724571982121,0.09903234650872601,0.9999963044335505
700,8.0,1.0,0.2236,0.91195581618459,-0.04328001979035637,0.9999899586515486
701,8.0,1.0,0.3684,0.9143064842154387,-0.24719612013667103,0.9999774328222331
702,8.0,1.0,0.607,0.9128165375176897,-0.2698213338024272,0.9999302764684262
703,8.0,1.0,1.0,0.9128601294182562,-0.2908630384843284,0.9997990258498449
704,9.0,0.0,0.0,1.0108725244023158,0.00012082498275703755,0.09614680534891701
705,9.0,0.0,0.05,1.0108788625972387,0.00011380001057610042,0.08246851614294695
706,9.0,0.0,0.0824,1.0108786813739132,0.0001071290793967562,0.023799776835933473
707,9.0,0.0,0.1357,1.010885078418844,7.806796827005842e-05,0.2127987979097058
708,9.0,0.0,0.2236,1.0108822082459321,4.4159713804117094e-05,0.014465992061476186
709,9.0,0.0,0.3684,1.0108900440754645,2.4671634263053294e-05,0.17021347146078475
710,9.0,0.0,0.607,1.0109212922937412,4.578965050229395e-06,0.04243839293238888
711,9.0,0.0,1.0,1.011083290067517,3.6054000218070773e-06,0.09521734748121313
712,9.0,0.1,0.0,0.9802979845246953,-0.17783581024904857,0.9999999879959389
713,9.0,0.1,0.05,0.9809846771851439,-0.01583620088478515,0.9999501833997828
714,9.0,0.1,0.0824,0.9813232683967889,-0.00789681418802575,0.9998916615511538
715,9.0,0.1,0.1357,0.981018363956923,0.1238150545984763,0.9996168874351813
716,9.0,0.1,0.2236,0.9811324574982758,-0.20750867928179148,0.9990184663619394
717,9.0,0.1,0.3684,0.9810475948964166,-0.024415697945504813,0.9977293115692092
718,9.0,0.1,0.607,0.9810715418041625,0.07358156940503421,0.9925150276121627
719,9.0,0.1,1.0,0.9804542882393015,0.04357138241427707,0.978193172750152
720,9.0,0.2,0.0,0.9626280694831415,0.1651443228911697,0.9999999929394262
721,9.0,0.2,0.05,0.9644978205489672,-0.02448306649717236,0.9999875812867187
722,9.0,0.2,0.0824,0.9571763617999879,-0.0337749742692552,0.999972949216716
723,9.0,0.2,0.1357,0.9564411098856571,-0.08385925156634241,0.9999046974835286
724,9.0,0.2,0.2236,0.9598010033915682,-0.43559443167315115,0.9997476902857018
725,9.0,0.2,0.3684,0.9594864647909753,-0.09093903559417141,0.9994251637061317
726,9.0,0.2,0.607,0.9554144124591514,-0.1862519635553882,0.9982051245597509
727,9.0,0.2,1.0,0.9588811306775483,-0.039933892723725425,0.9948244971201955
728,9.0,0.3,0.0,0.9458745324099871,0.08938243826733111,0.9999999903227674
729,9.0,0.3,0.05,0.9474621780446639,-0.20740806210706186,0.9999943772298764
730,9.0,0.3,0.0824,0.9495029863630501,0.06126607002879786,0.9999880857563062
731,9.0,0.3,0.1357,0.9465570894475863,-0.026940598231046498,0.9999591001498577
732,9.0,0.3,0.2236,0.9485444249067017,-0.3418722219901609,0.9998901507223613
733,9.0,0.3,0.3684,0.9459906047561112,-0.07256940220571509,0.9997438564420418
734,9.0,0.3,0.607,0.9484372404399695,-0.062104845418238755,0.9992094985121475
735,9.0,0.3,1.0,0.9467440495351954,-0.019090623382102268,0.9977761335703643
736,9.0,0.4,0.0,0.9514623760510152,-0.1635485105825072,0.999999990722438
737,9.0,0.4,0.05,0.9514413806534154,-0.12308547968608582,0.9999968207090733
738,9.0,0.4,0.0824,0.9519679511445858,-0.020130363771889426,0.9999934234144958
739,9.0,0.4,0.1357,0.9509132961274029,-0.012758088856379628,0.9999762808854696
740,9.0,0.4,0.2236,0.9513642773170226,0.048390536980615906,0.9999358518221136
741,9.0,0.4,0.3684,0.9515968082679933,0.02991245720365425,0.9998593386954695
742,9.0,0.4,0.607,0.9484658315746389,-0.1023652000451585,0.9995439114569058
743,9.0,0.4,1.0,0.9513708647541326,-0.016259349966444292,0.9987846422298386
744,9.0,0.5,0.0,0.9469594027267151,-0.02418843149451535,0.999999990328252
745,9.0,0.5,0.05,0.9480478327882481,0.10638771635805487,0.9999979757257231
746,9.0,0.5,0.0824,0.9485271507223755,-0.008634554940078233,0.9999954724143539
747,9.0,0.5,0.1357,0.9481942437326214,0.04520513325740899,0.9999847190262491
748,9.0,0.5,0.2236,0.948324304214016,0.19337304294342952,0.999959445783722
749,9.0,0.5,0.3684,0.9459798855784914,0.1445870908200848,0.9999092184513181
750,9.0,0.5,0.607,0.9486222451422811,0.05787595921820443,0.9997137037948499
751,9.0,0.5,1.0,0.948529456123593,0.039994858110392786,0.9991805405704471
752,9.0,0.6,0.0,0.9391600111432367,-0.1867245077475143,0.9999999935212942
753,9.0,0.6,0.05,0.9357078697157943,0.07360720745779274,0.999998653255555
754,9.0,0.6,0.0824,0.937640952070407,-0.511431537660979,0.9999970173553343
755,9.0,0.6,0.1357,0.9375647121347837,0.04044520907080777,0.9999891420538688
756,9.0,0.6,0.2236,0.9356127814878344,-0.17697625804754244,0.9999720450645375
757,9.0,0.6,0.3684,0.9361737061301911,0.046591423010020755,0.99993749346566
758,9.0,0.6,0.607,0.9366161011517102,-0.1635274266118622,0.9997901569731981
759,9.0,0.6,1.0,0.9378341804873954,-0.18555659421329423,0.9994458697707558
760,9.0,0.7,0.0,0.929033040622908,-0.1368615338819743,0.9999999934463661
761,9.0,0.7,0.05,0.9292036997855014,0.005548289128550363,0.9999989504874942
762,9.0,0.7,0.0824,0.9298344847812133,-0.1299348315784623,0.9999977681626313
763,9.0,0.7,0.1357,0.9295480395660853,0.13329046863243177,0.9999921781442977
764,9.0,0.7,0.2236,0.9289787695223094,-0.16535531026946285,0.9999793624930235
765,9.0,0.7,0.3684,0.9294367506567369,0.2999902596084446,0.9999542326652586
766,9.0,0.7,0.607,0.9291937039029823,-0.028775175756633353,0.9998489682479347
767,9.0,0.7,1.0,0.9291804379679311,-0.013656115661279972,0.9995798449406611
768,9.0,0.8,0.0,0.9282760415271911,-0.09309229466010038,0.9999999934436
769,9.0,0.8,0.05,0.9279262253967684,-0.33686798896700504,0.999999188597366
770,9.0,0.8,0.0824,0.9280185473397169,-0.18136774195681432,0.9999982905356657
771,9.0,0.8,0.1357,0.9282497093518508,0.2334026751767407,0.9999941354303215
772,9.0,0.8,0.2236,0.9282158416789618,-0.05478471546130256,0.999984033323739
773,9.0,0.8,0.3684,0.9281644831527004,0.009624028966966583,0.9999650739483523
774,9.0,0.8,0.607,0.92795589532009,-0.12540082521226703,0.999888800770229
775,9.0,0.8,1.0,0.9281431601336348,0.21196532833358633,0.9996828490595353
776,9.0,0.9,0.0,0.9323658534772076,0.12278914379159847,0.9999999915751298
777,9.0,0.9,0.05,0.9293479942552728,0.03378787991293711,0.9999993737528639
778,9.0,0.9,0.0824,0.932662515552243,0.25369377138156246,0.9999986267757287
779,9.0,0.9,0.1357,0.9315055818486027,0.17997879878232756,0.9999953762352488
780,9.0,0.9,0.2236,0.9327679127507924,-0.24111143409296748,0.9999880475264048
781,9.0,0.9,0.3684,0.9290636786549477,-0.15705640675183027,0.9999721866377691
782,9.0,0.9,0.607,0.9327825001825049,0.13738658333839499,0.9999145594085886
783,9.0,0.9,1.0,0.9311858423882657,-0.18271543442491667,0.9997558648643687
784,9.0,1.0,0.0,0.9355440171513351,-0.41171853032850625,0.9999999923232495
785,9.0,1.0,0.05,0.9354370891022029,0.024216931470393485,0.9999994559574338
786,9.0,1.0,0.0824,0.9383684132798438,-0.20304907733952252,0.9999989165662782
787,9.0,1.0,0.1357,0.9350834532511958,-0.1927033824228657,0.9999960640786136
788,9.0,1.0,0.2236,0.9321377016650474,0.2599255215521233,0.9999898929008117
789,9.0,1.0,0.3684,0.9213914409146478,0.057948434749168,0.9999773483842563
790,9.0,1.0,0.607,0.9338038932834987,0.13249412916240338,0.9999282825961737
791,9.0,1.0,1.0,0.9314057922950629,-0.13661100998524872,0.9997952236440543
792,10.0,0.0,0.0,1.0109263430063982,0.00012082498275703755,0.07230960688494159
793,10.0,0.0,0.05,1.0109326939845926,0.00011380001057610042,0.08754753929370518
794,10.0,0.0,0.0824,1.0109325123958406,0.0001071290793967562,0.07112225749063818
795,10.0,0.0,0.1357,1.0109389223373608,7.806796827005842e-05,0.11837712944821283
796,10.0,0.0,0.2236,1.0109360463788013,4.4159713804117094e-05,0.0925840098523684
797,10.0,0.0,0.3684,1.010943898001031,2.4671634263053294e-05,0.18495945088433433
798,10.0,0.0,0.607,1.0109752091157114,4.578965050229395e-06,0.08001318964840619
799,10.0,0.0,1.0,1.0111375308575203,3.6054000218070773e-06,0.15703261702624988
800,10.0,0.1,0.0,0.9784803986743328,-0.11871306388380114,0.9999999865469192
801,10.0,0.1,0.05,0.9804821673364658,0.013139644143663837,0.9999490688603466
802,10.0,0.1,0.0824,0.979315776710047,0.06303843904521272,0.9998918334560843
803,10.0,0.1,0.1357,0.9794985749133752,0.13717990131455943,0.9996198026271611
804,10.0,0.1,0.2236,0.9804305705242032,0.1745078668252883,0.9989598734276508
805,10.0,0.1,0.3684,0.9805359651979669,0.13978638520336198,0.9977050990266166
806,10.0,0.1,0.607,0.9799464797189964,0.1378090015977068,0.9924028863550709
807,10.0,0.1,1.0,0.9796379662992573,-0.028358305422722274,0.9785147743372734
808,10.0,0.2,0.0,0.9593295261519776,0.04800344622308872,0.9999999903744435
809,10.0,0.2,0.05,0.9604768076915939,-0.2783608985330695,0.9999872971759727
810,10.0,0.2,0.0824,0.9616978067380604,-0.7890627297306572,0.9999729613337454
811,10.0,0.2,0.1357,0.9570288417517522,0.471757114191742,0.9998987932767456
812,10.0,0.2,0.2236,0.9615196891487829,-0.3863586000963199,0.9997540938160184
813,10.0,0.2,0.3684,0.9595382440098809,0.17853605926302377,0.999420147440455
814,10.0,0.2,0.607,0.9612844542659799,-0.40749261062718806,0.9981776559643454
815,10.0,0.2,1.0,0.95944877111402,0.022823906416589324,0.9947948038312446
816,10.0,0.3,0.0,0.9572025026043526,0.011878802512969092,0.9999999923067437
817,10.0,0.3,0.05,0.956770852917347,-0.04843433906605735,0.9999943854309256
818,10.0,0.3,0.0824,0.9568311782966178,-0.047858468394066954,0.9999881509864436
819,10.0,0.3,0.1357,0.9569723923385823,0.06355963515665364,0.9999594298535596
820,10.0,0.3,0.2236,0.9575484917792803,-0.11302295341192359,0.9998891344167201
821,10.0,0.3,0.3684,0.9573010496137778,-0.09024555476371998,0.9997419453627914
822,10.0,0.3,0.607,0.9573634726356814,0.0598539165118519,0.9992258100972035
823,10.0,0.3,1.0,0.9574007638247509,0.23508566814274912,0.9977504599575968
824,10.0,0.4,0.0,0.9568161294519514,0.23686348803036825,0.9999999916584865
825,10.0,0.4,0.05,0.9581820387120433,-0.0985928004802965,0.9999969739203339
826,10.0,0.4,0.0824,0.956939582997629,-0.11371435406680003,0.9999930229504764
827,10.0,0.4,0.1357,0.9554260480056498,0.0933791485408928,0.9999758497247649
828,10.0,0.4,0.2236,0.9573533800546643,0.030689298814650406,0.9999364996588568
829,10.0,0.4,0.3684,0.9577011201511081,-0.23196213633143542,0.9998596925975972
830,10.0,0.4,0.607,0.9562074966972354,-0.08054231255608196,0.9995472256542902
831,10.0,0.4,1.0,0.956676378124946,0.061440356181799854,0.9987342466896313
832,10.0,0.5,0.0,0.945884940629841,0.17243031477304208,0.9999999925419447
833,10.0,0.5,0.05,0.9463904150328739,0.010133232555602611,0.9999980077835567
834,10.0,0.5,0.0824,0.945875136437711,0.0666017372154173,0.999995769378233
835,10.0,0.5,0.1357,0.9469279379242516,0.1552488287726563,0.9999844030802251
836,10.0,0.5,0.2236,0.94742517426146,-0.1385566069847221,0.9999613990910746
837,10.0,0.5,0.3684,0.9447896551967253,0.0426808573384138,0.9999126906260039
838,10.0,0.5,0.607,0.9484418518780036,0.00517845669207484,0.9997123305907694
839,10.0,0.5,1.0,0.9489755725732459,0.17150579075608655,0.99918211507178
840,10.0,0.6,0.0,0.936049860297071,0.21274260855643357,0.9999999900146201
841,10.0,0.6,0.05,0.9344706079549091,-0.09415025734496524,0.9999986124954471
842,10.0,0.6,0.0824,0.9358366713237868,0.005082810717550956,0.9999970087774278
843,10.0,0.6,0.1357,0.9349226245684868,0.29556586392445017,0.9999895374103125
844,10.0,0.6,0.2236,0.9349358691372652,0.13096455964841885,0.9999727069161091
845,10.0,0.6,0.3684,0.9359899704216236,0.10488696236628522,0.999937231124572
846,10.0,0.6,0.607,0.935162133517133,-0.16077272292708727,0.9998004164657707
847,10.0,0.6,1.0,0.9366198402662307,-0.05241557253289736,0.9994488650171988
848,10.0,0.7,0.0,0.9311236020851915,-0.11137400468403663,0.9999999916348338
849,10.0,0.7,0.05,0.9314681820212423,0.2500699685762152,0.9999989460911142
850,10.0,0.7,0.0824,0.9313018583565031,-0.09824293275099164,0.9999977980413173
851,10.0,0.7,0.1357,0.9311729781258672,0.1641635883967263,0.9999919597519631
852,10.0,0.7,0.2236,0.9317396076248722,0.03214432420853748,0.9999791693091719
853,10.0,0.7,0.3684,0.9310570647421641,0.17221217228151317,0.9999540633285059
854,10.0,0.7,0.607,0.9311581657446357,0.09794794553456024,0.9998556734647391
855,10.0,0.7,1.0,0.931203511183716,0.13519971132083636,0.9995756494169408
856,10.0,0.8,0.0,0.9312300055465365,-0.15623458813446184,0.9999999917145083
857,10.0,0.8,0.05,0.9320643884525318,0.17651781991506177,0.9999992021370636
858,10.0,0.8,0.0824,0.935119058544763,0.014107515522153835,0.9999984038396952
859,10.0,0.8,0.1357,0.9313228415976934,-0.0683219255197404,0.9999940556592282
860,10.0,0.8,0.2236,0.9343652077716059,0.1908896325264935,0.9999839996190587
861,10.0,0.8,0.3684,0.9328193022897349,0.2332385773072079,0.9999649611791251
862,10.0,0.8,0.607,0.9321632759222565,-0.1311146082706729,0.9998858839411837
863,10.0,0.8,1.0,0.9342696194608396,0.10009266750052068,0.9996901278429677
864,10.0,0.9,0.0,0.9385689796671504,0.2738508435401747,0.999999993385287
865,10.0,0.9,0.05,0.9419619363394148,-0.12077277404579315,0.9999993865829999
866,10.0,0.9,0.0824,0.9386319448847149,0.5847326313798167,0.9999985915808326
867,10.0,0.9,0.1357,0.9377610146810266,0.018665295040479923,0.999995271338616
868,10.0,0.9,0.2236,0.9387391200068369,-0.41420680809803834,0.9999878919594244
869,10.0,0.9,0.3684,0.9440561508878483,-0.3912705576983816,0.9999715676517985
870,10.0,0.9,0.607,0.938778514514853,-0.26032932465810854,0.9999122511292161
871,10.0,0.9,1.0,0.9247643545455364,-0.5881769510390353,0.9997510693659251
872,10.0,1.0,0.0,0.953479176801203,-0.5040217414720827,0.9999999954946814
873,10.0,1.0,0.05,0.9491066504755724,0.05763363878691243,0.9999994683290264
874,10.0,1.0,0.0824,0.9469536730377488,0.21590318995657254,0.9999988759231085
875,10.0,1.0,0.1357,0.9512074743424668,0.18572964758628352,0.9999962720736444
876,10.0,1.0,0.2236,0.9461616812033559,0.10108415771129461,0.9999895145233222
877,10.0,1.0,0.3684,0.9485942217210288,0.08181671432431005,0.9999777311225547
878,10.0,1.0,0.607,0.9533884846225877,-0.195294150334829,0.9999304225230521
879,10.0,1.0,1.0,0.9524233243150892,0.08139680574445404,0.9998025714308105
880,11.0,0.0,0.0,1.0109719436571885,0.00012082498275703755,0.04148738029582417
881,11.0,0.0,0.05,1.010978304885428,0.00011380001057610042,0.08642111670499374
882,11.0,0.0,0.0824,1.01097812300367,0.0001071290793967562,0.12896017066146614
883,11.0,0.0,0.1357,1.0109845432857147,7.806796827005842e-05,0.05521689753876464
884,11.0,0.0,0.2236,1.0109816626882546,4.4159713804117094e-05,0.05448222635212619
885,11.0,0.0,0.3684,1.0109895269727944,2.4671634263053294e-05,0.14930131044689599
886,11.0,0.0,0.607,1.0110208885108276,4.578965050229395e-06,0.05271590413454237
887,11.0,0.0,1.0,1.0111834698243714,3.6054000218070773e-06,0.09176625648015592
888,11.0,0.1,0.0,0.9868053221206381,-0.08511069143004213,0.9999999895090089
889,11.0,0.1,0.05,0.9874454819553379,-0.05188809723941508,0.9999478449207256
890,11.0,0.1,0.0824,0.9875386700975624,-0.08110460121923052,0.9998934177431529
891,11.0,0.1,0.1357,0.9870845006572545,0.015713307637306356,0.9996168297476246
892,11.0,0.1,0.2236,0.9866096422881343,0.13190497562226755,0.9990187729108315
893,11.0,0.1,0.3684,0.9866678146103509,-0.15282812990339356,0.9977895808995995
894,11.0,0.1,0.607,0.9872927108778955,-0.14901024369157462,0.9927670690482487
895,11.0,0.1,1.0,0.9860464286608734,0.11353226575957566,0.978575330506176
896,11.0,0.2,0.0,0.960237744750786,-0.11321624453130646,0.9999999909813561
897,11.0,0.2,0.05,0.9587600051901347,-0.24608741085401314,0.9999868942798615
898,11.0,0.2,0.0824,0.9596569021335167,-0.08901818628942497,0.9999733233103659
899,11.0,0.2,0.1357,0.9611732351562088,-0.136771063793767,0.9999005915366879
900,11.0,0.2,0.2236,0.9669705477652925,-0.11378045098405144,0.9997537039345352
901,11.0,0.2,0.3684,0.9604248144915234,0.03548947230889159,0.9994399041597963
902,11.0,0.2,0.607,0.9612711160164231,-0.06315793802804164,0.9981112001753738
903,11.0,0.2,1.0,0.9640294712022064,-0.5930450353749562,0.9950335264554322
904,11.0,0.3,0.0,0.9596697794205032,0.022828214450953406,0.9999999904219037
905,11.0,0.3,0.05,0.9597676183461213,-0.09738159229631975,0.9999942041586986
906,11.0,0.3,0.0824,0.9594559659236294,0.03682613094703171,0.9999879644223129
907,11.0,0.3,0.1357,0.9599958388624741,-0.008980650388268445,0.9999572269296071
908,11.0,0.3,0.2236,0.9591493203899323,0.15031279281618076,0.999886053450631
909,11.0,0.3,0.3684,0.9596009499708198,0.015798238455376507,0.9997617361821945
910,11.0,0.3,0.607,0.9591272268960312,-0.13687230662750505,0.9992176163686852
911,11.0,0.3,1.0,0.9596088328244538,-0.09798457623255424,0.9978462613886983
912,11.0,0.4,0.0,0.9584155082372434,0.0962573491802796,0.9999999938324742
913,11.0,0.4,0.05,0.9588723466308787,0.07765743265010161,0.9999968863735638
914,11.0,0.4,0.0824,0.959214106748161,-0.08175541062115471,0.9999930768781111
915,11.0,0.4,0.1357,0.9568843961018461,0.21984184551745706,0.999976327091478
916,11.0,0.4,0.2236,0.958589792536258,-0.1263936735635932,0.9999369961984605
917,11.0,0.4,0.3684,0.9565537901370351,0.1267872404892193,0.9998552198453241
918,11.0,0.4,0.607,0.9584248618451747,0.012456861154870436,0.999540465368561
919,11.0,0.4,1.0,0.9583576282202152,0.15615660492272754,0.9987364780814623
920,11.0,0.5,0.0,0.9489630334963874,-0.1673498938866252,0.9999999923574826
921,11.0,0.5,0.05,0.9499136786790311,0.10066177914708653,0.9999980270090779
922,11.0,0.5,0.0824,0.9507666129962273,-0.0032750589792101964,0.9999956834462407
923,11.0,0.5,0.1357,0.9497959809758695,-0.04047984191778958,0.9999848562043452
924,11.0,0.5,0.2236,0.949448896868963,-0.026522257038837344,0.9999588621826212
925,11.0,0.5,0.3684,0.950193146043985,-0.05804543794395893,0.9999112055647191
926,11.0,0.5,0.607,0.9507239863855267,0.08983227638449143,0.9996977443895732
927,11.0,0.5,1.0,0.9497172752272184,0.12754331228500615,0.9992132193248807
928,11.0,0.6,0.0,0.9443190847927144,0.07964012758242525,0.9999999910124534
929,11.0,0.6,0.05,0.9443812724335209,0.14065828067529368,0.9999985603973335
930,11.0,0.6,0.0824,0.9443163724586139,-0.14897120991890195,0.9999970863200501
931,11.0,0.6,0.1357,0.9443444541652708,0.29521797426297736,0.9999895052728822
932,11.0,0.6,0.2236,0.9443980949807977,0.039318121931182115,0.9999726714031467
933,11.0,0.6,0.3684,0.944391704809904,-0.14923782159427046,0.9999361652583384
934,11.0,0.6,0.607,0.9443193740298688,-0.1758827116051493,0.9997936435930582
935,11.0,0.6,1.0,0.9444635925163625,0.059231992917071125,0.999438769771196
936,11.0,0.7,0.0,0.9476891140730771,0.0924569341815753,0.9999999934281137
937,11.0,0.7,0.05,0.9455771029197816,0.02022130617030876,0.9999989129874529
938,11.0,0.7,0.0824,0.9475729695929777,-0.13615522812469447,0.9999977428021872
939,11.0,0.7,0.1357,0.9462828335551584,-0.1311894832874727,0.9999921451686071
940,11.0,0.7,0.2236,0.9441857824299379,-0.0453044916702309,0.9999798494261758
941,11.0,0.7,0.3684,0.9471179746905046,0.10854115623640526,0.9999557394147583
942,11.0,0.7,0.607,0.9462506628408345,0.07180291085697585,0.9998528745030469
943,11.0,0.7,1.0,0.9456918622873536,-0.09811714317559994,0.9995882902933638
944,11.0,0.8,0.0,0.9492502790769143,-0.2654437273033029,0.9999999922856916
945,11.0,0.8,0.05,0.9534304224625212,-0.07526505769974093,0.9999992027880726
946,11.0,0.8,0.0824,0.9526597585644082,0.043242286036326044,0.9999983293982372
947,11.0,0.8,0.1357,0.951506048867665,-0.08163629773427214,0.9999941661714553
948,11.0,0.8,0.2236,0.9542273173544893,-0.09095012311501045,0.9999847865393446
949,11.0,0.8,0.3684,0.9534118152387351,-0.21071407972743403,0.999964749149534
950,11.0,0.8,0.607,0.9512012842890214,0.12894218463344137,0.9998869097931846
951,11.0,0.8,1.0,0.957508272573938,0.14654912412909527,0.9996838686346836
952,11.0,0.9,0.0,0.9578394385662709,-0.09404455133359602,0.9999999909757541
953,11.0,0.9,0.05,0.9492816809466478,-0.47169531545194976,0.9999993154452853
954,11.0,0.9,0.0824,0.9668318317847835,-0.11800480041486233,0.9999986533379436
955,11.0,0.9,0.1357,0.9553344563777924,-0.03890551424111893,0.9999953345651726
956,11.0,0.9,0.2236,0.9592554561910195,0.36885982443786436,0.9999879836473601
957,11.0,0.9,0.3684,0.964425609918926,0.22830275221446578,0.9999716760872178
958,11.0,0.9,0.607,0.9542560277760466,-0.1316815813329455,0.9999073301862859
959,11.0,0.9,1.0,0.9371640520094446,-0.08800598232761847,0.9997464584008864
960,11.0,1.0,0.0,0.9687560540068607,-0.6921990150086165,0.9999999927889373
961,11.0,1.0,0.05,0.9563310404052636,-0.7441718706673868,0.9999994704129738
962,11.0,1.0,0.0824,0.978254517724077,-0.5470487972978695,0.9999989245080821
963,11.0,1.0,0.1357,0.968983569952061,-0.40854808455649716,0.9999961666267106
964,11.0,1.0,0.2236,0.9515096535919008,-0.44395691596050324,0.9999898178805787
965,11.0,1.0,0.3684,0.9652414391126263,0.04724191937740585,0.9999764187006459
966,11.0,1.0,0.607,0.9612127528971565,-0.44563938787443425,0.9999308266435679
967,11.0,1.0,1.0,0.9611841902495525,0.16829286183044892,0.9997939976568435
968,12.0,0.0,0.0,1.011077438481307,0.00012082498275703755,0.10238061971228475
969,12.0,0.0,0.05,1.011083828259053,0.00011380001057610042,0.0348923023357875
970,12.0,0.0,0.0824,1.0110836455611332,0.0001071290793967562,0.17491355685773438
971,12.0,0.0,0.1357,1.0110900946483343,7.806796827005842e-05,0.10740818237818323
972,12.0,0.0,0.2236,1.011087201128022,4.4159713804117094e-05,0.06308997351297849
973,12.0,0.0,0.3684,1.0110951006884759,2.4671634263053294e-05,0.09210731864666521
974,12.0,0.0,0.607,1.011126602756883,4.578965050229395e-06,0.04381873739798941
975,12.0,0.0,1.0,1.0112899089242433,3.6054000218070773e-06,0.056656434839384526
976,12.0,0.1,0.0,0.9881217560834492,0.09801312751968783,0.9999999892004299
977,12.0,0.1,0.05,0.9894341295485678,-0.05779214100356324,0.9999506930394483
978,12.0,0.1,0.0824,0.9896414205297145,0.25457668413786744,0.9998890642139117
979,12.0,0.1,0.1357,0.9888862074594273,-0.06287453966948002,0.9996017473726301
980,12.0,0.1,0.2236,0.9865374231463,-0.19290314457568897,0.9989950207736472
981,12.0,0.1,0.3684,0.9867696631337772,-0.18941305728831642,0.9977326675484005
982,12.0,0.1,0.607,0.9871983536499693,0.09164835422283116,0.9925301008768607
983,12.0,0.1,1.0,0.9887937664716555,0.10402507973491491,0.9778623327481539
984,12.0,0.2,0.0,0.9626196492962334,-0.1818954046765758,0.9999999918730877
985,12.0,0.2,0.05,0.9605010924731902,-0.4215758745089714,0.9999876343574601
986,12.0,0.2,0.0824,0.9639968352555551,-0.21462932503370347,0.9999725918662807
987,12.0,0.2,0.1357,0.9615754383454077,-0.20246958860278821,0.9999065238073427
988,12.0,0.2,0.2236,0.9617809904985264,-0.29637783143211577,0.9997557848772194
989,12.0,0.2,0.3684,0.9627341247087604,0.19267504698190363,0.9994441892533269
990,12.0,0.2,0.607,0.9614665825973058,0.17613118778066938,0.9981705985604907
991,12.0,0.2,1.0,0.9605668308360256,-0.1318463583089856,0.9948396774603167
992,12.0,0.3,0.0,0.9613701216717933,0.06487906075951505,0.9999999910755224
993,12.0,0.3,0.05,0.9610042408750736,0.0008989896691022764,0.9999944824734545
994,12.0,0.3,0.0824,0.961661829336265,0.09739664809047158,0.9999881519464698
995,12.0,0.3,0.1357,0.961782309073221,0.03371225228788712,0.9999577179379509
996,12.0,0.3,0.2236,0.9615711079875402,0.0004791660977486456,0.9998948774906761
997,12.0,0.3,0.3684,0.9616638445259189,-0.019065506000891463,0.9997470643751033
998,12.0,0.3,0.607,0.9616043765743127,-0.0008067455755549346,0.9991478112353382
999,12.0,0.3,1.0,0.9617967278258425,-0.030266965238623697,0.9978018758611621
1000,12.0,0.4,0.0,0.9575291418216642,-0.08257105866757668,0.9999999912635593
1001,12.0,0.4,0.05,0.9574149417250095,-0.19973494899506655,0.999996943620698
1002,12.0,0.4,0.0824,0.9575886985476756,0.04211255588139007,0.9999931521323686
1003,12.0,0.4,0.1357,0.9589815139580872,0.006473119896356549,0.9999751595649486
1004,12.0,0.4,0.2236,0.9580555895523298,-0.1197238367881638,0.9999377307156776
1005,12.0,0.4,0.3684,0.9585699563967414,-0.01925919056333586,0.9998608164373672
1006,12.0,0.4,0.607,0.9576743969924714,0.1899400709569114,0.9995382440755994
1007,12.0,0.4,1.0,0.9581906382551558,-0.005135668072396404,0.9986424337858101
1008,12.0,0.5,0.0,0.9498427183561567,-0.0778781960447478,0.9999999917936196
1009,12.0,0.5,0.05,0.9498283729228114,0.19407343794437226,0.9999979710171949
1010,12.0,0.5,0.0824,0.9498567118265682,0.3312883439908052,0.9999957231675003
1011,12.0,0.5,0.1357,0.9491667302488802,-0.09672065741427328,0.9999849978302403
1012,12.0,0.5,0.2236,0.9495629257690821,0.1695950528156627,0.9999600772743508
1013,12.0,0.5,0.3684,0.9496855415066001,-0.14721688929308757,0.9999090831854947
1014,12.0,0.5,0.607,0.9500615318731942,-0.01532985446420937,0.9997150396296784
1015,12.0,0.5,1.0,0.9499233516853546,-0.0787276689951186,0.9992070764371637
1016,12.0,0.6,0.0,0.9484419778079451,0.15178556573253493,0.9999999929030019
1017,12.0,0.6,0.05,0.9481151203979236,0.0573507715499485,0.9999985892449151
1018,12.0,0.6,0.0824,0.9487584847308582,-0.030999749505308816,0.9999970006643634
1019,12.0,0.6,0.1357,0.948239254476499,0.03630641557942768,0.9999891826601711
1020,12.0,0.6,0.2236,0.9481423376658027,0.06640528807046595,0.9999720508411957
1021,12.0,0.6,0.3684,0.9483063846793933,0.06577941517755692,0.9999381198804284
1022,12.0,0.6,0.607,0.9488859565841099,-0.14107571709779937,0.9998048587714564
1023,12.0,0.6,1.0,0.9484042263418673,0.07637022878342425,0.9994318065237741
1024,12.0,0.7,0.0,0.9517229313820847,0.1165559980534574,0.999999991751883
1025,12.0,0.7,0.05,0.9535599790932513,-0.31873611609753605,0.9999989631414462
1026,12.0,0.7,0.0824,0.9511637715807537,0.11604692268297356,0.999997679140203
1027,12.0,0.7,0.1357,0.9518288420993727,-0.08538715097225974,0.999992406071888
1028,12.0,0.7,0.2236,0.9505975776901521,-0.07252606501240609,0.9999799562685082
1029,12.0,0.7,0.3684,0.9548111296286453,-0.2426278357644521,0.9999540029071879
1030,12.0,0.7,0.607,0.9533013813219343,0.08596330402657155,0.9998563766425345
1031,12.0,0.7,1.0,0.954529461364617,0.07403757181765425,0.9995784637398292
1032,12.0,0.8,0.0,0.9646672466492741,0.4809609595732208,0.9999999923884827
1033,12.0,0.8,0.05,0.9615876383649912,0.3148952781137941,0.9999992065137129
1034,12.0,0.8,0.0824,0.9569049645519766,-0.6812549144283392,0.9999983855579476
1035,12.0,0.8,0.1357,0.9652107311170222,-0.015964404322906273,0.9999937829033198
1036,12.0,0.8,0.2236,0.9666544466750763,0.024705952773190404,0.9999841692972261
1037,12.0,0.8,0.3684,0.9538855641319405,-0.23088339520903106,0.9999640016027782
1038,12.0,0.8,0.607,0.9611763431481959,-0.3147867678311782,0.9998912879033308
1039,12.0,0.8,1.0,0.9647815139372641,-0.16909218652118901,0.9996906174880693
1040,12.0,0.9,0.0,0.9642237420393803,-0.0114325820815303,0.9999999934445124
1041,12.0,0.9,0.05,0.9542263453454464,0.42774545972088884,0.9999993728917757
1042,12.0,0.9,0.0824,0.9728451905750986,0.04258401982801935,0.9999987217506576
1043,12.0,0.9,0.1357,0.9720220458524358,0.1912290900913155,0.9999951955026983
1044,12.0,0.9,0.2236,0.9704410071090235,-0.3224533445465645,0.9999877740203529
1045,12.0,0.9,0.3684,0.9631466139314914,-0.07366434053120982,0.9999723677430505
1046,12.0,0.9,0.607,0.9701462926319842,-0.08836813347127973,0.999913863615139
1047,12.0,0.9,1.0,0.9718385664206658,-0.3128764551419622,0.9997541171083791
1048,12.0,1.0,0.0,0.9823195190970481,0.390968123110979,0.999999993714743
1049,12.0,1.0,0.05,0.9527527899853931,0.12255751467212381,0.9999994871752674
1050,12.0,1.0,0.0824,0.977524517007537,-0.1410458469001541,0.9999989180052653
1051,12.0,1.0,0.1357,0.9722310983851945,0.25699752711399887,0.999996225953653
1052,12.0,1.0,0.2236,0.9820988480911576,-0.5255970859606998,0.999990232123363
1053,12.0,1.0,0.3684,0.9642839782803846,-0.07777536097866727,0.9999775706909683
1054,12.0,1.0,0.607,0.9705825343418636,0.40983715397738807,0.9999258815982246
1055,12.0,1.0,1.0,0.9783906177505042,-0.2501525533068475,0.9998001150646495
1056,13.0,0.0,0.0,1.0111945737199364,0.00012082498275703755,0.13895205879109418
1057,13.0,0.0,0.05,1.0112009954989702,0.00011380001057610042,0.01905992654367368
1058,13.0,0.0,0.0824,1.0112008118862064,0.0001071290793967562,0.17472193847493386
1059,13.0,0.0,0.1357,1.011207293261544,7.806796827005842e-05,0.038312386592769
1060,13.0,0.0,0.2236,1.0112043852557735,4.4159713804117094e-05,0.08794030020680027
1061,13.0,0.0,0.3684,1.011212324357777,2.4671634263053294e-05,0.017363666917310495
1062,13.0,0.0,0.607,1.0112439839542302,4.578965050229395e-06,0.017880900440973985
1063,13.0,0.0,1.0,1.0114081027623552,3.6054000218070773e-06,0.17158482700647643
1064,13.0,0.1,0.0,0.9917274810340627,0.07157641351065845,0.9999999901220065
1065,13.0,0.1,0.05,0.9911197073640756,0.19170276896399263,0.9999479807759412
1066,13.0,0.1,0.0824,0.9895977531453035,0.04088200773247325,0.9998922634397903
1067,13.0,0.1,0.1357,0.9913324297213455,-0.15847218969416077,0.9996138877708264
1068,13.0,0.1,0.2236,0.9894165284842953,0.010039289522269346,0.9990168021257534
1069,13.0,0.1,0.3684,0.9904247510147567,0.018527064471198895,0.9977617039399581
1070,13.0,0.1,0.607,0.9888778204594517,-0.09000895746604136,0.9924475884712438
1071,13.0,0.1,1.0,0.9883208288757389,-0.010279200365639993,0.9774667262748352
1072,13.0,0.2,0.0,0.9657314947249596,-0.0850249611966109,0.9999999916454175
1073,13.0,0.2,0.05,0.9665850304844144,-0.22209040883626974,0.9999872191861441
1074,13.0,0.2,0.0824,0.9670071700283838,0.043669933043521666,0.9999723257039298
1075,13.0,0.2,0.1357,0.9649333895089146,0.1362639449578842,0.9999035611335131
1076,13.0,0.2,0.2236,0.9660203969688174,-0.31895038929555103,0.9997463419308485
1077,13.0,0.2,0.3684,0.9652763669415769,-0.34790782772579465,0.9994245758437974
1078,13.0,0.2,0.607,0.9673517890508012,-0.08220480590035581,0.9981366855452437
1079,13.0,0.2,1.0,0.9672100651464473,0.036467560718701136,0.9949050603918574
1080,13.0,0.3,0.0,0.9660464409844459,-0.030697349712058786,0.9999999898006414
1081,13.0,0.3,0.05,0.966306757140234,-0.04853073599119248,0.9999944059366223
1082,13.0,0.3,0.0824,0.9662678095555428,0.06761376926344274,0.9999880014520856
1083,13.0,0.3,0.1357,0.9663613820942273,-0.08733673306306156,0.9999573351060855
1084,13.0,0.3,0.2236,0.9661524792126138,0.04750701674619057,0.9998877410533535
1085,13.0,0.3,0.3684,0.9664251971176067,0.013908403798291669,0.9997537213481507
1086,13.0,0.3,0.607,0.9663109478556411,-0.009121848546688793,0.9992117018737662
1087,13.0,0.3,1.0,0.9658260069963853,-0.10110024880312984,0.9977506157704559
1088,13.0,0.4,0.0,0.9594745227663625,-0.09649762878912885,0.9999999902808717
1089,13.0,0.4,0.05,0.9585514394710886,-0.03706913727531713,0.9999967196660396
1090,13.0,0.4,0.0824,0.9583766424847182,-0.30076913788194753,0.9999931083933761
1091,13.0,0.4,0.1357,0.9587288729217276,-0.12339091373342043,0.9999769694438855
1092,13.0,0.4,0.2236,0.9586745459775867,0.08130724737648481,0.9999378470953575
1093,13.0,0.4,0.3684,0.9579942369507595,0.03323069358599522,0.9998620521917833
1094,13.0,0.4,0.607,0.9582057961120478,-0.027009366768107522,0.9995420975468359
1095,13.0,0.4,1.0,0.9572130201316722,0.01716474029795552,0.9987118493964386
1096,13.0,0.5,0.0,0.9504660448478105,0.0029331876995565623,0.9999999913252446
1097,13.0,0.5,0.05,0.9509374952679462,-0.0975685198915437,0.9999979485450755
1098,13.0,0.5,0.0824,0.9502374013108569,0.017589684912663495,0.9999957540509143
1099,13.0,0.5,0.1357,0.9507238500151299,-0.16484283861612037,0.9999847162954699
1100,13.0,0.5,0.2236,0.9507511148800555,0.015119022550218214,0.999959716118569
1101,13.0,0.5,0.3684,0.9513178135781206,-0.07474669182505787,0.999911682805398
1102,13.0,0.5,0.607,0.9505915109229328,-0.109950482629417,0.9997058430294239
1103,13.0,0.5,1.0,0.950744982124078,-0.21100514138582727,0.9991908452252791
1104,13.0,0.6,0.0,0.9525362144499653,-0.12584046713463276,0.9999999926441999
1105,13.0,0.6,0.05,0.9498182861837203,-0.19811233234689057,0.9999986091807783
1106,13.0,0.6,0.0824,0.9525290244513872,-0.03900674489504416,0.9999969668253668
1107,13.0,0.6,0.1357,0.951856571782201,-0.03561257006700308,0.9999895161844573
1108,13.0,0.6,0.2236,0.951112113205302,-0.048970263256685714,0.9999723947164972
1109,13.0,0.6,0.3684,0.9527649335807301,-0.26844933928090164,0.9999379556873166
1110,13.0,0.6,0.607,0.9507373420886327,-0.04934702646942113,0.999800633245333
1111,13.0,0.6,1.0,0.9512728548400745,-0.030410756642994363,0.9994319794669672
1112,13.0,0.7,0.0,0.962102926694467,0.10369850960587315,0.9999999926529013
1113,13.0,0.7,0.05,0.956526276618722,-0.3487942424081548,0.9999989319693445
1114,13.0,0.7,0.0824,0.9519713966097757,-0.2321114532416004,0.999997787696087
1115,13.0,0.7,0.1357,0.9562001625997844,0.1435866825363168,0.999992290979973
1116,13.0,0.7,0.2236,0.9617743453385199,0.01176305474227346,0.9999795555089199
1117,13.0,0.7,0.3684,0.9610249307138529,-0.058565643208816694,0.9999543995959408
1118,13.0,0.7,0.607,0.953317820271063,-0.14903093298536885,0.999846932639582
1119,13.0,0.7,1.0,0.9532436938736646,0.4733591733718512,0.9995715584689107
1120,13.0,0.8,0.0,0.9661452147748166,-0.2561421950680842,0.9999999918435691
1121,13.0,0.8,0.05,0.968371005704535,0.009000584076307105,0.9999991878284603
1122,13.0,0.8,0.0824,0.9704392717832961,-0.3002854572670006,0.9999983287253025
1123,13.0,0.8,0.1357,0.9640638646057118,-0.5373356472362636,0.9999942673162605
1124,13.0,0.8,0.2236,0.9663186601006024,-0.6792591060962402,0.9999842602293522
1125,13.0,0.8,0.3684,0.968160762541376,0.08748747485917491,0.9999650254423226
1126,13.0,0.8,0.607,0.9609551794909822,-0.4274893528093019,0.9998901208756206
1127,13.0,0.8,1.0,0.9616675074561238,-0.6875339627161916,0.9996712095888854
1128,13.0,0.9,0.0,0.9661458935511184,-0.07768899878430326,0.9999999917399736
1129,13.0,0.9,0.05,0.980592621108327,-0.10724658729973077,0.9999993646191592
1130,13.0,0.9,0.0824,0.9812180244041471,-0.13575346954990636,0.999998667568109
1131,13.0,0.9,0.1357,0.9825045169849822,-0.3714752739142836,0.9999952988732579
1132,13.0,0.9,0.2236,0.976639301986817,0.034032894223026466,0.9999878041315589
1133,13.0,0.9,0.3684,0.9649561260740053,0.090714022933507,0.9999725006155823
1134,13.0,0.9,0.607,0.9755460503195533,-0.24311615504322623,0.9999121316703866
1135,13.0,0.9,1.0,0.9761406626748155,0.34649116848617756,0.9997450621039728
1136,13.0,1.0,0.0,0.9837446499763531,0.016785680981481674,0.9999999915629717
1137,13.0,1.0,0.05,0.9848038467761169,-0.5450222535843889,0.9999994839613001
1138,13.0,1.0,0.0824,0.9877210610189191,-0.5100480880778547,0.9999989119740375
1139,13.0,1.0,0.1357,0.9795897008936924,-0.04297863292635641,0.9999960947036249
1140,13.0,1.0,0.2236,0.9689649757932489,0.29027940090313087,0.999989849566984
1141,13.0,1.0,0.3684,0.9907254697514908,-0.17401297624982076,0.9999765746008751
1142,13.0,1.0,0.607,0.9854588839077193,-0.008927375034742547,0.9999272623479621
1143,13.0,1.0,1.0,0.985130124654863,-0.4812635067233283,0.9997922481218456
1144,14.0,0.0,0.0,1.0113729589280454,0.00012082498275703755,0.041670789813649446
1145,14.0,0.0,0.05,1.0113794319115164,0.00011380001057610042,0.0029328571740285417
1146,14.0,0.0,0.0824,1.01137924683491,0.0001071290793967562,0.09720744165306244
1147,14.0,0.0,0.1357,1.0113857798753256,7.806796827005842e-05,0.07520777475898317
1148,14.0,0.0,0.2236,1.011382848690789,4.4159713804117094e-05,0.016430980321675382
1149,14.0,0.0,0.3684,1.0113908510656395,2.4671634263053294e-05,0.10128492623673062
1150,14.0,0.0,0.607,1.011422762757919,4.578965050229395e-06,0.10534765381644971
1151,14.0,0.0,1.0,1.0115881827045754,3.6054000218070773e-06,0.06843326466576127
1152,14.0,0.1,0.0,0.9877818470813422,-0.19265755511862176,0.999999987399153
1153,14.0,0.1,0.05,0.9917320854409392,0.009171773102549928,0.9999493983382484
1154,14.0,0.1,0.0824,0.9870690198794522,-0.44801310798365795,0.9998925147850767
1155,14.0,0.1,0.1357,0.991499625984699,0.05526166571186755,0.9996295001682912
1156,14.0,0.1,0.2236,0.9904768798187102,0.22140908095466066,0.9990416930422246
1157,14.0,0.1,0.3684,0.990555958613727,0.11874841415107547,0.9976180892617738
1158,14.0,0.1,0.607,0.9916170693581434,0.05113242092897219,0.9922646064323916
1159,14.0,0.1,1.0,0.9867662931431165,0.03871788328822995,0.9785603019856063
1160,14.0,0.2,0.0,0.9714434217818828,0.06222051703425807,0.9999999897240993
1161,14.0,0.2,0.05,0.9726431965843144,0.04189543254783417,0.9999869889980115
1162,14.0,0.2,0.0824,0.971496326070474,0.1313939672687015,0.9999727467716172
1163,14.0,0.2,0.1357,0.9723679258469039,0.1383927282609818,0.9999034575006054
1164,14.0,0.2,0.2236,0.9728381321385621,0.018854904375074436,0.9997425111100982
1165,14.0,0.2,0.3684,0.9723494655704241,0.0728793346323689,0.9994365604917224
1166,14.0,0.2,0.607,0.9728842474460195,-0.09468257352953596,0.9982164040394997
1167,14.0,0.2,1.0,0.973732992822079,-0.11412598273445174,0.9950054068135822
1168,14.0,0.3,0.0,0.9718909472309155,0.04066176981662374,0.9999999912272504
1169,14.0,0.3,0.05,0.9712777511383353,-0.13731759220687717,0.9999943200209241
1170,14.0,0.3,0.0824,0.972105356795629,0.08241240323913836,0.9999879984449334
1171,14.0,0.3,0.1357,0.9710259828949862,0.08265343416225995,0.99995650303306
1172,14.0,0.3,0.2236,0.9715701615432906,-0.0031581426174185287,0.9998872975821949
1173,14.0,0.3,0.3684,0.970039832115436,-0.09977830442818345,0.999751056008725
1174,14.0,0.3,0.607,0.9721824764119179,-0.10075223111288914,0.9992125575905889
1175,14.0,0.3,1.0,0.9714707043905174,0.07889052956575755,0.9977794287133239
1176,14.0,0.4,0.0,0.958144053350646,0.1333260476550711,0.9999999917689067
1177,14.0,0.4,0.05,0.9587997838215602,-0.08771988296254105,0.9999968683483954
1178,14.0,0.4,0.0824,0.9596059407098345,0.09142971990418564,0.9999933227304894
1179,14.0,0.4,0.1357,0.9594405168340235,-0.10235139000400323,0.9999760857264215
1180,14.0,0.4,0.2236,0.9576901796172298,0.0653310423531214,0.9999369631158105
1181,14.0,0.4,0.3684,0.9595134623918699,0.05099187280106218,0.9998607164997403
1182,14.0,0.4,0.607,0.9591276046666773,0.04473140141196469,0.9995468847831267
1183,14.0,0.4,1.0,0.9586489035122059,0.042510531865114554,0.9987066653613974
1184,14.0,0.5,0.0,0.9525460171924465,-0.20660065355249896,0.9999999927935542
1185,14.0,0.5,0.05,0.9519818160191214,0.1357512719493388,0.9999979423107548
1186,14.0,0.5,0.0824,0.9517012547469884,-0.04745433910809721,0.9999955944803856
1187,14.0,0.5,0.1357,0.9517082367190925,-0.034766658793367655,0.9999842449540702
1188,14.0,0.5,0.2236,0.9517412766876071,-0.0016000878878412658,0.9999600695965711
1189,14.0,0.5,0.3684,0.9521092861551328,0.09781188296025717,0.9999100491617368
1190,14.0,0.5,0.607,0.9519031945110397,0.0076001786659666,0.9997050842445877
1191,14.0,0.5,1.0,0.9521315394339581,-0.0154691283702032,0.999185146499068
1192,14.0,0.6,0.0,0.9564277210512933,0.01023941573891027,0.9999999907858289
1193,14.0,0.6,0.05,0.9551024789091775,-0.29384324202137596,0.9999985686223078
1194,14.0,0.6,0.0824,0.9558597253747184,-0.21058539843764892,0.999997059300654
1195,14.0,0.6,0.1357,0.9557886418694052,-0.037014414009160834,0.999989349449873
1196,14.0,0.6,0.2236,0.9550800734172644,-0.24479576414095572,0.9999724284622091
1197,14.0,0.6,0.3684,0.9552803217401468,0.26780147073495986,0.9999370856207976
1198,14.0,0.6,0.607,0.9567064017028726,-0.13692682030934372,0.9997975495624716
1199,14.0,0.6,1.0,0.9579543291948807,-0.21030631872853106,0.9994234312794296
1200,14.0,0.7,0.0,0.9589114208509152,-0.0970110449683183,0.999999989992423
1201,14.0,0.7,0.05,0.959528549263818,-0.06920014764031496,0.9999989484929129
1202,14.0,0.7,0.0824,0.9672546182706505,0.14169191684019977,0.9999977671952394
1203,14.0,0.7,0.1357,0.9537807247374972,-0.1136388701171276,0.9999921376364647
1204,14.0,0.7,0.2236,0.9609290417086378,-0.7531353781111791,0.9999801069260335
1205,14.0,0.7,0.3684,0.9595516149228295,0.3979765149028843,0.9999524399634402
1206,14.0,0.7,0.607,0.9592661384541862,-0.1207702273470245,0.9998505797131753
1207,14.0,0.7,1.0,0.9602589515771683,0.25423027396334896,0.9995819918673743
1208,14.0,0.8,0.0,0.9804642690518077,0.12040722476096723,0.9999999929013582
1209,14.0,0.8,0.05,0.9671628383985805,-0.4398157860790366,0.9999991969281193
1210,14.0,0.8,0.0824,0.9787860996003978,0.002302955681976193,0.9999983022183981
1211,14.0,0.8,0.1357,0.9819028868686391,-0.42308554095985507,0.9999939973232895
1212,14.0,0.8,0.2236,0.9827423852902634,0.12363651318152993,0.9999846596890664
1213,14.0,0.8,0.3684,0.9785585514449373,-0.025813245007226024,0.9999633176714635
1214,14.0,0.8,0.607,0.9761385385008523,-0.1646572000666537,0.9998914907103692
1215,14.0,0.8,1.0,0.9764267868120782,0.28544799418609856,0.9996805934934491
1216,14.0,0.9,0.0,0.9908649020199802,0.2148556049664464,0.999999993671941
1217,14.0,0.9,0.05,0.9877327522103088,0.0851828799278627,0.9999993828695505
1218,14.0,0.9,0.0824,0.9879647283952452,-0.22777363004745732,0.9999986250600292
1219,14.0,0.9,0.1357,0.985807189655016,-0.4164631242827299,0.9999952148004229
1220,14.0,0.9,0.2236,0.9826939645075593,-0.1745272226887558,0.999987704240855
1221,14.0,0.9,0.3684,0.9768786837311253,0.06087895010728249,0.9999714986648587
1222,14.0,0.9,0.607,0.9903435845355177,-0.05023001188750917,0.9999114830607876
1223,14.0,0.9,1.0,0.9687136342767562,-0.31875893305433756,0.9997476483595839
1224,14.0,1.0,0.0,0.9912674876147158,0.06521264184064067,0.9999999930645219
1225,14.0,1.0,0.05,0.9881911326231244,-0.024078091355533043,0.9999994597091657
1226,14.0,1.0,0.0824,0.9969571794775947,0.11668132179967662,0.9999989689303973
1227,14.0,1.0,0.1357,0.9967999816987306,0.062482851677135874,0.9999962075410791
1228,14.0,1.0,0.2236,0.9928893499959445,-0.3732984993708934,0.9999899702086141
1229,14.0,1.0,0.3684,0.9993317031821912,-0.12510115516318904,0.9999774646782863
1230,14.0,1.0,0.607,0.9943272040746072,-0.023693213348392833,0.9999281237432182
1231,14.0,1.0,1.0,0.9913983892321931,-0.11181466905664428,0.9997940107346087
1232,15.0,0.0,0.0,1.0115858975976129,0.00012082498275703755,0.0275597792132347
1233,15.0,0.0,0.05,1.011592432470558,0.00011380001057610042,0.07511010241947519
1234,15.0,0.0,0.0824,1.0115922456246345,0.0001071290793967562,0.027831618077122647
1235,15.0,0.0,0.1357,1.0115988411119936,7.806796827005842e-05,0.014061687533458565
1236,15.0,0.0,0.2236,1.0115958819114768,4.4159713804117094e-05,0.17063865194280706
1237,15.0,0.0,0.3684,1.0116039607640315,2.4671634263053294e-05,0.1789637119358705
1238,15.0,0.0,0.607,1.011636177174643,4.578965050229395e-06,0.0669985473902521
1239,15.0,0.0,1.0,1.0118031701354047,3.6054000218070773e-06,0.0360767948884116
1240,15.0,0.1,0.0,0.9898288297754213,-0.0023157493824484746,0.9999999880878411
1241,15.0,0.1,0.05,0.9882833925171643,-0.01288948003730464,0.9999480294292666
1242,15.0,0.1,0.0824,0.9906321682145282,-0.25013724260775905,0.9998938739978299
1243,15.0,0.1,0.1357,0.9901363703149801,-0.10621259429391275,0.9996100575036893
1244,15.0,0.1,0.2236,0.9887078362827646,-0.302974453545941,0.9989937280349999
1245,15.0,0.1,0.3684,0.9910779316629362,0.020526099712406855,0.9977528062478637
1246,15.0,0.1,0.607,0.9904733380145906,-0.046435358302071406,0.9924049322849195
1247,15.0,0.1,1.0,0.9899782209211614,0.05188402591890694,0.9787780946313407
1248,15.0,0.2,0.0,0.9772298556721396,-0.1425996075435928,0.9999999906625568
1249,15.0,0.2,0.05,0.9771243785161438,0.040974615627483724,0.9999870540734727
1250,15.0,0.2,0.0824,0.9774702864951624,-0.06611813033304065,0.9999732269227641
1251,15.0,0.2,0.1357,0.9774108976913283,0.15803706073612234,0.9999044296106685
1252,15.0,0.2,0.2236,0.9772507423415947,-0.16779041280358337,0.9997425321939245
1253,15.0,0.2,0.3684,0.9771690437807039,-0.2007526955184546,0.9994176874147187
1254,15.0,0.2,0.607,0.9774753702710284,0.02298015178824442,0.9982172355568791
1255,15.0,0.2,1.0,0.9773661800211497,0.0838095028184215,0.9949533742165909
1256,15.0,0.3,0.0,0.974494315476001,0.004431964062653691,0.9999999920923536
1257,15.0,0.3,0.05,0.9730294180766781,-0.10241584888671648,0.9999944191901686
1258,15.0,0.3,0.0824,0.9740740063126302,-0.041950779532895055,0.9999881601830947
1259,15.0,0.3,0.1357,0.9746103326875113,0.12440024246125869,0.9999586390554477
1260,15.0,0.3,0.2236,0.9721138894580573,0.002383321467941603,0.9998900816204299
1261,15.0,0.3,0.3684,0.9724290026631447,0.19918200011097514,0.9997459772022566
1262,15.0,0.3,0.607,0.9742318852337412,0.1619697276335682,0.9992224974675006
1263,15.0,0.3,1.0,0.9722208596007924,0.033575919554538286,0.9978464213389187
1264,15.0,0.4,0.0,0.960555128940727,-0.13941045610655206,0.9999999920502313
1265,15.0,0.4,0.05,0.9603792579050006,-0.11874681480393112,0.9999968191422574
1266,15.0,0.4,0.0824,0.9594056045235172,0.1011377717273731,0.9999931190027165
1267,15.0,0.4,0.1357,0.959436465257472,0.19554730866872094,0.9999763965325006
1268,15.0,0.4,0.2236,0.9608199624244902,-0.10698705444329645,0.999939843623574
1269,15.0,0.4,0.3684,0.960652689051716,0.05297094599139908,0.9998623763611603
1270,15.0,0.4,0.607,0.95930899665819,-0.09118311351923938,0.9995459250475363
1271,15.0,0.4,1.0,0.9600371944347535,0.03842151679920332,0.9987500132374281
1272,15.0,0.5,0.0,0.9571814290111869,0.10478248580347317,0.9999999918378034
1273,15.0,0.5,0.05,0.9577371901487518,0.3095822623922395,0.9999980161256353
1274,15.0,0.5,0.0824,0.9572637767887663,-0.2315587956352726,0.9999957437903993
1275,15.0,0.5,0.1357,0.95648883561941,-0.007639098485226203,0.9999841305682049
1276,15.0,0.5,0.2236,0.9570755682011818,-0.05546555173146045,0.9999592370626792
1277,15.0,0.5,0.3684,0.9573315889561336,-0.11300753795875884,0.9999130921021765
1278,15.0,0.5,0.607,0.9570987712818463,-0.1265080591367924,0.9997111284699308
1279,15.0,0.5,1.0,0.9572130291282758,0.2776510293232939,0.9991735254496664
1280,15.0,0.6,0.0,0.9659208125422647,0.32263676242979633,0.9999999918239871
1281,15.0,0.6,0.05,0.9663021138277701,0.14956345580053998,0.9999985651134974
1282,15.0,0.6,0.0824,0.9624685271971333,-0.20571906005566332,0.9999969329469849
1283,15.0,0.6,0.1357,0.9663246744231686,-0.13397332392756384,0.99998923749271
1284,15.0,0.6,0.2236,0.964277812143155,0.17446777610768863,0.9999722728471203
1285,15.0,0.6,0.3684,0.9654177971452225,-0.07971750854636402,0.9999370788501915
1286,15.0,0.6,0.607,0.9685644927104907,0.17666083897623502,0.9998062104789924
1287,15.0,0.6,1.0,0.9645881313463789,-0.05323812520526272,0.9994400762543285
1288,15.0,0.7,0.0,0.9754771811319417,-0.19891692735520394,0.9999999925793738
1289,15.0,0.7,0.05,0.982265670899261,-0.15731257221122036,0.9999989684593106
1290,15.0,0.7,0.0824,0.9785842446462296,0.1886916991314942,0.9999977345452069
1291,15.0,0.7,0.1357,0.9739615054182204,0.3503756222985719,0.9999923274077498
1292,15.0,0.7,0.2236,0.9810606046014432,0.21824728086047068,0.9999797009497067
1293,15.0,0.7,0.3684,0.9776556376212625,-0.04832107240809627,0.9999542451203335
1294,15.0,0.7,0.607,0.9793771005308837,-0.15233535815377436,0.9998544694885607
1295,15.0,0.7,1.0,0.9740474609444792,-0.29710549175845935,0.9995742341168296
1296,15.0,0.8,0.0,0.9799547775459968,0.20736287930971903,0.9999999930712814
1297,15.0,0.8,0.05,0.9870166365581368,0.27583826894656716,0.999999196310232
1298,15.0,0.8,0.0824,0.9798993143028704,-0.7572795580949503,0.999998282679522
1299,15.0,0.8,0.1357,0.9840187430058001,0.15623753224011816,0.9999940166604318
1300,15.0,0.8,0.2236,0.9912019746507136,0.2961196973933927,0.9999835609917334
1301,15.0,0.8,0.3684,0.9917409316652542,0.11597817811556307,0.9999648629181197
1302,15.0,0.8,0.607,0.987424142088904,0.2613642745776537,0.9998914887848243
1303,15.0,0.8,1.0,0.9717245753654405,-0.1930433091167075,0.9996717513295255
1304,15.0,0.9,0.0,0.991867338368954,0.041510528122233395,0.9999999905168454
1305,15.0,0.9,0.05,0.997074504316584,0.20414424337068085,0.9999993398593913
1306,15.0,0.9,0.0824,0.9979977412697647,-0.14690727746231694,0.9999986397947567
1307,15.0,0.9,0.1357,0.990173310528497,0.052722995115602744,0.9999951730262624
1308,15.0,0.9,0.2236,0.9844517443355765,-0.38045786016318384,0.9999877380419714
1309,15.0,0.9,0.3684,0.994548439795107,-0.09545916385366576,0.9999721705350764
1310,15.0,0.9,0.607,0.9939294160339973,-0.2750019465692518,0.9999105525801887
1311,15.0,0.9,1.0,0.9964775662716587,0.0919903780914027,0.9997557812743794
1312,15.0,1.0,0.0,0.9959799186645591,0.07055737266819065,0.9999999930348982
1313,15.0,1.0,0.05,0.9842648974729542,-0.26838412400755307,0.9999994673303074
1314,15.0,1.0,0.0824,0.9995509811645746,0.13980995248384845,0.9999989191684089
1315,15.0,1.0,0.1357,0.9999410483820655,-0.18504942144176456,0.9999961317683624
1316,15.0,1.0,0.2236,0.9882271171818262,-0.20851058050622123,0.999989869839293
1317,15.0,1.0,0.3684,1.0007207592382936,0.10991192355327659,0.9999778227597033
1318,15.0,1.0,0.607,1.0062172852301026,0.0899070647022982,0.9999283928863961
1319,15.0,1.0,1.0,0.9967458803604712,0.14705737953923892,0.9997996188279968
1320,16.0,0.0,0.0,1.0114657018441289,0.00012082498275703755,0.14089028714503452
1321,16.0,0.0,0.05,1.011472201885603,0.00011380001057610042,0.08473618201939163
1322,16.0,0.0,0.0824,1.0114720160354531,0.0001071290793967562,0.08824146715825484
1323,16.0,0.0,0.1357,1.011478576377617,7.806796827005842e-05,0.13848231634526617
1324,16.0,0.0,0.2236,1.011475632944516,4.4159713804117094e-05,0.09239344577622967
1325,16.0,0.0,0.3684,1.0114836687553679,2.4671634263053294e-05,0.14602757440245
1326,16.0,0.0,0.607,1.0115157136706094,4.578965050229395e-06,0.08246565866007721
1327,16.0,0.0,1.0,1.0116818213474563,3.6054000218070773e-06,0.1321653714464466
1328,16.0,0.1,0.0,0.9906942727072601,-0.108952184292231,0.9999999904059362
1329,16.0,0.1,0.05,0.9894359121540983,-0.020380481930859735,0.9999517414026493
1330,16.0,0.1,0.0824,0.9898583364295679,-0.29093554079979045,0.9998913770070593
1331,16.0,0.1,0.1357,0.9915804873398829,0.05510599007098185,0.9996163715417224
1332,16.0,0.1,0.2236,0.9917161494355632,0.06950857190999939,0.9990079138110954
1333,16.0,0.1,0.3684,0.989933016716951,0.3949405253489174,0.9977141531281274
1334,16.0,0.1,0.607,0.989427001604446,0.19545674324011814,0.9924986216157692
1335,16.0,0.1,1.0,0.9899949697050083,-0.15960824542661634,0.9782511353717798
1336,16.0,0.2,0.0,0.9818208573887011,0.12616375329837334,0.9999999911298489
1337,16.0,0.2,0.05,0.9818925411008955,-0.03496657317808255,0.9999876005626527
1338,16.0,0.2,0.0824,0.9819926677314261,0.04775358155969722,0.9999732490922709
1339,16.0,0.2,0.1357,0.9817309225468198,-0.019277848110641413,0.9999022936078373
1340,16.0,0.2,0.2236,0.9820406233824137,0.00933570158360697,0.9997439997336299
1341,16.0,0.2,0.3684,0.9819067649409812,0.17301611116456975,0.9994397023630479
1342,16.0,0.2,0.607,0.9820235222680189,0.00010669643661842532,0.998176416851354
1343,16.0,0.2,1.0,0.9818037855101976,-0.11864970813563575,0.9948829796202225
1344,16.0,0.3,0.0,0.976146524215008,0.004719388977587662,0.999999993809427
1345,16.0,0.3,0.05,0.9744505207618721,-0.23607541528560633,0.9999942490436097
1346,16.0,0.3,0.0824,0.9749717371450768,0.12901173702383953,0.999987874360865
1347,16.0,0.3,0.1357,0.9744415842248131,0.19214182373957522,0.9999575078313987
1348,16.0,0.3,0.2236,0.9770798353737473,-0.052846909064687295,0.9998864274883531
1349,16.0,0.3,0.3684,0.9762753342639368,0.1603614483940649,0.9997552203448745
1350,16.0,0.3,0.607,0.9743638820454239,-0.109303412182952,0.9991763411511086
1351,16.0,0.3,1.0,0.9753545053462048,0.042478455883589325,0.9977302784936307
1352,16.0,0.4,0.0,0.9627149432052304,-0.37178344986350575,0.9999999920078004
1353,16.0,0.4,0.05,0.963032022038158,-0.10576072365917799,0.9999968059313866
1354,16.0,0.4,0.0824,0.9627419722807928,-0.26901437330865247,0.9999931119015624
1355,16.0,0.4,0.1357,0.9628476563539294,-0.02450435385418659,0.9999756284067156
1356,16.0,0.4,0.2236,0.9621089331631624,0.4583915813109567,0.999936212922739
1357,16.0,0.4,0.3684,0.9622860996860195,-0.1051684490528019,0.9998605548159859
1358,16.0,0.4,0.607,0.9620712099038515,0.12388203325426608,0.99955316515536
1359,16.0,0.4,1.0,0.9630848227005854,0.121650021962521,0.998758387336576
1360,16.0,0.5,0.0,0.9651676937553774,-0.13530197699394397,0.9999999925281903
1361,16.0,0.5,0.05,0.9647156983950521,-0.13942745536100043,0.999997923046074
1362,16.0,0.5,0.0824,0.9641251670165586,-0.18053663823851573,0.9999958773995584
1363,16.0,0.5,0.1357,0.9647950138162749,0.07436773906387939,0.9999844621902131
1364,16.0,0.5,0.2236,0.9660180701962733,0.3305432348687106,0.9999603033615091
1365,16.0,0.5,0.3684,0.96617787854683,0.006336043219750412,0.9999113502260755
1366,16.0,0.5,0.607,0.963601160706358,0.10804667676463284,0.9997105069521214
1367,16.0,0.5,1.0,0.964248693810551,0.03672388972882579,0.9991634389463856
1368,16.0,0.6,0.0,0.9766425997149653,-0.11176465296877047,0.9999999925863868
1369,16.0,0.6,0.05,0.9738195862992026,-0.21580959256636126,0.9999985179720836
1370,16.0,0.6,0.0824,0.9783281495568121,-0.09272045505968449,0.9999968810628953
1371,16.0,0.6,0.1357,0.9650388285004271,-0.31641177481573257,0.9999892092572457
1372,16.0,0.6,0.2236,0.9767629047856587,0.03456226575586413,0.9999720776173209
1373,16.0,0.6,0.3684,0.976725165629371,-0.01334398292339678,0.9999352438556098
1374,16.0,0.6,0.607,0.9728392061345765,0.2922890485274985,0.9997988824921389
1375,16.0,0.6,1.0,0.9780190371653569,-0.05831431637151174,0.9994163965073964
1376,16.0,0.7,0.0,0.9921755514100037,0.10600364684659264,0.999999993625876
1377,16.0,0.7,0.05,0.9884064029431835,-0.053230337450056994,0.9999989523307515
1378,16.0,0.7,0.0824,0.9887112978342241,-0.32328841070849124,0.999997703425563
1379,16.0,0.7,0.1357,0.9872844703760583,0.03180231894820951,0.9999920020172681
1380,16.0,0.7,0.2236,0.9857150120028892,0.17855576849786264,0.9999802878567521
1381,16.0,0.7,0.3684,0.9846198194598483,-0.5044326190660398,0.9999551664582328
1382,16.0,0.7,0.607,0.9751693624122038,0.26534065438277005,0.9998540126539174
1383,16.0,0.7,1.0,0.9884074771256465,-0.20459569449638582,0.9995862364365105
1384,16.0,0.8,0.0,0.9980019942957221,0.025575624758117005,0.9999999927778535
1385,16.0,0.8,0.05,1.0002342144014134,0.21103612671202207,0.9999992399039562
1386,16.0,0.8,0.0824,0.9962735825571464,-0.3026128103536961,0.9999983010666882
1387,16.0,0.8,0.1357,0.9992804431021699,0.11464891753829287,0.9999938633997033
1388,16.0,0.8,0.2236,0.9964250643971957,-0.13657557247220325,0.9999837267592535
1389,16.0,0.8,0.3684,0.9989419170258957,0.05456130348281657,0.9999653018719916
1390,16.0,0.8,0.607,0.9945159083845764,-0.14811630516372026,0.999884430460891
1391,16.0,0.8,1.0,0.991155573073654,-0.0720255093435962,0.9996895338529002
1392,16.0,0.9,0.0,0.9986004826433665,-0.009826759750272362,0.999999991454061
1393,16.0,0.9,0.05,0.9889292984186664,0.09260184365976694,0.9999993410166651
1394,16.0,0.9,0.0824,1.0067651311483146,0.3413442482238908,0.9999986822303395
1395,16.0,0.9,0.1357,0.9908759760416357,-0.47155109920813265,0.999995402753896
1396,16.0,0.9,0.2236,0.9916256492738541,0.07944487709005948,0.999987780975396
1397,16.0,0.9,0.3684,1.004516870925739,-0.18791159864525908,0.9999726727008765
1398,16.0,0.9,0.607,1.0002546371541465,-0.21824403104671408,0.9999158355647161
1399,16.0,0.9,1.0,0.9914605400162365,-0.6296941026251617,0.9997455387490746
1400,16.0,1.0,0.0,1.0020126659842905,-0.12039381848112966,0.9999999926532038
1401,16.0,1.0,0.05,1.0024501019594527,-0.08185082816539271,0.9999995005100709
1402,16.0,1.0,0.0824,1.007883521129339,0.24215636801196305,0.9999989449287208
1403,16.0,1.0,0.1357,1.0009552824277232,-0.25773365830910666,0.9999962499515964
1404,16.0,1.0,0.2236,1.0023320047308353,-0.046867968527287,0.9999897979096353
1405,16.0,1.0,0.3684,1.0004744676603896,0.013141958952536115,0.9999775481030341
1406,16.0,1.0,0.607,1.001216172064243,0.10652749824993218,0.9999273420355638
1407,16.0,1.0,1.0,1.0057138733819195,0.0812072139643496,0.9997946267289723
1408,17.0,0.0,0.0,1.0115074483638105,0.00012082498275703755,0.09932359257825006
1409,17.0,0.0,0.05,1.0115139570983203,0.00011380001057610042,0.09560700062242566
1410,17.0,0.0,0.0824,1.0115137709996769,0.0001071290793967562,0.05930358346306287
1411,17.0,0.0,0.1357,1.011520340111314,7.806796827005842e-05,0.06439135739377919
1412,17.0,0.0,0.2236,1.0115173927441456,4.4159713804117094e-05,0.05111904248160172
1413,17.0,0.0,0.3684,1.0115254392932547,2.4671634263053294e-05,0.05389748666072025
1414,17.0,0.0,0.607,1.0115575269653774,4.578965050229395e-06,0.0662462497046886
1415,17.0,0.0,1.0,1.0117238546316256,3.6054000218070773e-06,0.11853921516826939
1416,17.0,0.1,0.0,0.9925589911358794,-0.1266676233148064,0.9999999928735159
1417,17.0,0.1,0.05,0.9908663310503283,-0.021039573736123307,0.9999502502690284
1418,17.0,0.1,0.0824,0.9879819107424663,0.01752747850525961,0.9998966910314255
1419,17.0,0.1,0.1357,0.991618191119142,-0.49235115912907423,0.9996161346408982
1420,17.0,0.1,0.2236,0.9924845363112036,-0.05394557012949887,0.9990010241787545
1421,17.0,0.1,0.3684,0.9893047829928393,-0.16308611489611408,0.9977107702434418
1422,17.0,0.1,0.607,0.9897103119380256,0.02904594124533616,0.9924849433513888
1423,17.0,0.1,1.0,0.9910166959249695,0.013038042127802886,0.9783623233405879
1424,17.0,0.2,0.0,0.9858992150871986,-0.031299405878895736,0.9999999926141295
1425,17.0,0.2,0.05,0.9859018334579515,-0.1102646186010198,0.9999870066708362
1426,17.0,0.2,0.0824,0.9858820193299167,0.02781335818541965,0.9999725199485798
1427,17.0,0.2,0.1357,0.9859035772681694,-0.13653042795125953,0.9999052851543345
1428,17.0,0.2,0.2236,0.9858646941136917,-0.020452645812695014,0.9997527311792472
1429,17.0,0.2,0.3684,0.9859276993731277,-0.023192083615388978,0.9994136103824058
1430,17.0,0.2,0.607,0.9857737824925958,-0.06461166147896036,0.9981534341617545
1431,17.0,0.2,1.0,0.985750627585375,-0.05083663020985549,0.9948994319233071
1432,17.0,0.3,0.0,0.9764373752060556,0.00526939540931029,0.9999999908270243
1433,17.0,0.3,0.05,0.9780237274774938,0.1515840588097583,0.9999941695542213
1434,17.0,0.3,0.0824,0.9786089606492433,-0.4100454229147068,0.9999883393296433
1435,17.0,0.3,0.1357,0.9769985622250306,0.22963998964541832,0.9999575220064838
1436,17.0,0.3,0.2236,0.9779738583740681,-0.3629543860821545,0.9998861656855128
1437,17.0,0.3,0.3684,0.9782050287735686,-0.3715399239650539,0.9997566154345535
1438,17.0,0.3,0.607,0.9794496449278562,0.036701230658996824,0.9992163736449446
1439,17.0,0.3,1.0,0.9759583081784137,0.03735036836235128,0.9976799824516701
1440,17.0,0.4,0.0,0.9689116426840411,-0.33755408613687155,0.9999999928862336
1441,17.0,0.4,0.05,0.968311879296872,0.020429544373410685,0.9999968769647833
1442,17.0,0.4,0.0824,0.968773486809201,-0.2366795287948263,0.9999930783573087
1443,17.0,0.4,0.1357,0.9697264538459177,0.1519731924909281,0.9999757108571005
1444,17.0,0.4,0.2236,0.9680169784186106,0.004645794184733126,0.9999406940238618
1445,17.0,0.4,0.3684,0.9686056054147717,-0.003949515074601173,0.9998571485319053
1446,17.0,0.4,0.607,0.9683033778597215,-0.2676902859910359,0.9995466326819039
1447,17.0,0.4,1.0,0.9684958148599883,0.07420298220947007,0.9987056094266689
1448,17.0,0.5,0.0,0.9751813197289176,-0.1460054901196398,0.9999999919353769
1449,17.0,0.5,0.05,0.9741437452991027,-0.26271176566513726,0.9999979096625827
1450,17.0,0.5,0.0824,0.9717674900147473,0.06622863057702631,0.9999957189175532
1451,17.0,0.5,0.1357,0.9746780656186464,-0.17218545126054657,0.999984947592145
1452,17.0,0.5,0.2236,0.9738278055558641,-0.21670019917337077,0.9999612227982088
1453,17.0,0.5,0.3684,0.9730822884723578,0.07128395580046314,0.9999129024700799
1454,17.0,0.5,0.607,0.9738305397933503,-0.21141847859233567,0.9997097090439068
1455,17.0,0.5,1.0,0.9734720179607039,0.023279561529101003,0.9992095281882949
1456,17.0,0.6,0.0,0.9868845986139856,-0.412575085052749,0.9999999930282413
1457,17.0,0.6,0.05,0.9876699499976813,0.10073004813247367,0.9999985457760118
1458,17.0,0.6,0.0824,0.9898885702206012,-0.04391315281253114,0.9999970530181421
1459,17.0,0.6,0.1357,0.9827971514164768,-0.07388280565216551,0.9999893206250953
1460,17.0,0.6,0.2236,0.9865555711972239,-0.29617200367975893,0.9999729946632103
1461,17.0,0.6,0.3684,0.9849561461376141,-0.08236672788726067,0.9999357592605493
1462,17.0,0.6,0.607,0.9836965867421138,0.3959915092273637,0.9998038765396322
1463,17.0,0.6,1.0,0.9809177773522642,0.12630091826660686,0.9994402561900682
1464,17.0,0.7,0.0,0.9969771914308722,-0.3244349732807105,0.9999999928150155
1465,17.0,0.7,0.05,0.9947707209792798,-0.3562410964392626,0.9999990270593762
1466,17.0,0.7,0.0824,1.000802239689045,-0.2423290484301916,0.9999978044787001
1467,17.0,0.7,0.1357,0.9952758391458305,-0.0415882913352473,0.9999922688608088
1468,17.0,0.7,0.2236,0.9976192848335573,0.11288051282062864,0.9999796761031631
1469,17.0,0.7,0.3684,0.9946169659619907,-0.5539892722710675,0.9999560423734744
1470,17.0,0.7,0.607,0.9918556653019737,-0.20590991349958718,0.9998550188554283
1471,17.0,0.7,1.0,0.996780684189115,0.043392915750378624,0.9995709303754834
1472,17.0,0.8,0.0,1.0027731438548495,-0.2907916140217209,0.9999999916413003
1473,17.0,0.8,0.05,1.0043338136314592,0.16056867633755403,0.999999189566392
1474,17.0,0.8,0.0824,0.9991034121833645,-0.2463186823014527,0.9999983628782267
1475,17.0,0.8,0.1357,1.0042536682985657,-0.10855250425258675,0.9999936763132408
1476,17.0,0.8,0.2236,1.0050184740787094,-0.007483330493396195,0.9999846227545167
1477,17.0,0.8,0.3684,0.999871104872405,-0.1364739353466281,0.9999646350887966
1478,17.0,0.8,0.607,1.0045744536493295,-0.06106451169233405,0.9998900606433884
1479,17.0,0.8,1.0,0.9956394236624142,-0.10303994289292798,0.9996834906805587
1480,17.0,0.9,0.0,1.0101919253366531,0.13893961570287144,0.9999999924345245
1481,17.0,0.9,0.05,1.0000313777313676,-0.15093332231431592,0.9999993569277876
1482,17.0,0.9,0.0824,1.0049727377207045,-0.17689914035181023,0.9999986696712292
1483,17.0,0.9,0.1357,1.0081680062816185,-0.07691916968978263,0.9999953092822839
1484,17.0,0.9,0.2236,1.0093012018954859,-0.23153113340550785,0.9999871024392258
1485,17.0,0.9,0.3684,1.0069011517513913,-0.4869643179415935,0.9999721356918646
1486,17.0,0.9,0.607,1.0080279951422653,-0.2421828759585551,0.9999099053140553
1487,17.0,0.9,1.0,1.007617818152,0.1744264102314377,0.9997533781040943
1488,17.0,1.0,0.0,1.0106964527604885,0.08730560286964464,0.9999999924646815
1489,17.0,1.0,0.05,1.0096767335034167,-0.07711118160403523,0.9999994753151796
1490,17.0,1.0,0.0824,1.009151808025514,-0.24398454786571194,0.9999989571396131
1491,17.0,1.0,0.1357,1.006174629847955,0.056807075402669605,0.9999962059790954
1492,17.0,1.0,0.2236,1.0095922829284387,0.08886407861746132,0.9999898342527982
1493,17.0,1.0,0.3684,1.0099759501748453,0.08776454146538887,0.9999778251975524
1494,17.0,1.0,0.607,1.0098118224437358,-0.26222527181530214,0.9999261769528102
1495,17.0,1.0,1.0,1.0053956963132198,0.2897139190733198,0.9998001524065847
1496,18.0,0.0,0.0,1.0114830403190056,0.00012082498275703755,0.10603272606787444
1497,18.0,0.0,0.05,1.0114895389804384,0.00011380001057610042,0.13537336645615536
1498,18.0,0.0,0.0824,1.0114893531697906,0.0001071290793967562,0.05231743628629521
1499,18.0,0.0,0.1357,1.0114959121159957,7.806796827005842e-05,0.0669999147991126
1500,18.0,0.0,0.2236,1.0114929693096189,4.4159713804117094e-05,0.06624170098253922
1501,18.0,0.0,0.3684,1.0115010034079341,2.4671634263053294e-05,0.0865950504200833
1502,18.0,0.0,0.607,1.0115330414460537,4.578965050229395e-06,0.11478848988133131
1503,18.0,0.0,1.0,1.011699112257426,3.6054000218070773e-06,0.12419169727467201
1504,18.0,0.1,0.0,0.9922557540972272,0.05934685065091837,0.999999991979576
1505,18.0,0.1,0.05,0.9919081132665936,0.08860640473852516,0.9999499983029512
1506,18.0,0.1,0.0824,0.9933341684145389,-0.25545322446524854,0.9998935534780582
1507,18.0,0.1,0.1357,0.9922587081023658,-0.023008545261548413,0.9996269581223381
1508,18.0,0.1,0.2236,0.9922868570148392,0.029948051492871677,0.9990232169994552
1509,18.0,0.1,0.3684,0.9897132276801383,-0.2154042655256412,0.9976813024448041
1510,18.0,0.1,0.607,0.9903746071141802,0.05630333630080623,0.9923490547148067
1511,18.0,0.1,1.0,0.9918711212397037,0.0706040881048337,0.9783477662333979
1512,18.0,0.2,0.0,0.988592101664624,0.019669513900673636,0.9999999936677265
1513,18.0,0.2,0.05,0.9885161418228564,-0.025959642792609608,0.9999874723786404
1514,18.0,0.2,0.0824,0.9886099479243019,-0.021758711437436407,0.9999727758984163
1515,18.0,0.2,0.1357,0.9883738045569983,-0.06469705162174266,0.9999041374933519
1516,18.0,0.2,0.2236,0.9881706158262151,-0.04347927986721929,0.9997433878949612
1517,18.0,0.2,0.3684,0.9884777970608303,-0.019120516199072027,0.9994352405924566
1518,18.0,0.2,0.607,0.9885964382524789,-0.10567183939743635,0.9981802791411291
1519,18.0,0.2,1.0,0.9881483162014466,0.07172405308284491,0.9946859264166622
1520,18.0,0.3,0.0,0.9746868457509784,-0.2799680461751309,0.9999999914344313
1521,18.0,0.3,0.05,0.9751403952763246,-0.0643727520604901,0.9999944987937727
1522,18.0,0.3,0.0824,0.975883227343015,0.044275362290119746,0.9999879789988173
1523,18.0,0.3,0.1357,0.975057314834774,0.004563790922100741,0.9999570263215671
1524,18.0,0.3,0.2236,0.975947165673381,0.07571301085104348,0.9998876804857193
1525,18.0,0.3,0.3684,0.9749865377815571,0.22231670547478627,0.9997588305473958
1526,18.0,0.3,0.607,0.9766919739577181,0.32037948730201815,0.9991764836925446
1527,18.0,0.3,1.0,0.9763704161267621,-0.0073165833571150266,0.9976930474837602
1528,18.0,0.4,0.0,0.969812775291225,-0.059167558933285236,0.9999999907896462
1529,18.0,0.4,0.05,0.969775537481004,-0.04299307307475134,0.9999967778210473
1530,18.0,0.4,0.0824,0.9693353786696427,-0.10431560753742121,0.9999930598468524
1531,18.0,0.4,0.1357,0.9697955599709758,0.3130934978338649,0.999976073573126
1532,18.0,0.4,0.2236,0.9699750225937547,0.33025462059255184,0.9999371008788511
1533,18.0,0.4,0.3684,0.9694429128632859,-0.1602214524480674,0.9998617023519761
1534,18.0,0.4,0.607,0.9699148765424663,-0.09377067948317824,0.9995509691599768
1535,18.0,0.4,1.0,0.9694149161994924,-0.035822230387405375,0.9987704011850749
1536,18.0,0.5,0.0,0.9794995379237498,-0.059510270821166264,0.9999999923491973
1537,18.0,0.5,0.05,0.9807365078410881,0.30888098526458957,0.9999980453480254
1538,18.0,0.5,0.0824,0.9779845243910998,0.0662431052102543,0.9999956310681316
1539,18.0,0.5,0.1357,0.9787458999841541,-0.11746978599239004,0.9999846686081546
1540,18.0,0.5,0.2236,0.9802155121315386,-0.13301435057162198,0.9999599467167472
1541,18.0,0.5,0.3684,0.9809926536023377,-0.19046543450938258,0.9999093060056795
1542,18.0,0.5,0.607,0.9809101671000112,-0.20833973237929587,0.9997000229190467
1543,18.0,0.5,1.0,0.9790765537956705,0.027068556469229232,0.9991996621251724
1544,18.0,0.6,0.0,0.9929402702312738,-0.01755118693953356,0.9999999911028282
1545,18.0,0.6,0.05,0.9939460308316869,0.07046623800335981,0.9999986217330957
1546,18.0,0.6,0.0824,0.9876665173482875,0.031049604778530762,0.9999970039831428
1547,18.0,0.6,0.1357,0.9960908306048604,-0.16919078569486556,0.9999892404631975
1548,18.0,0.6,0.2236,0.9854216704160308,-0.027247973254864943,0.9999708926853249
1549,18.0,0.6,0.3684,0.9945649945752738,-0.07304702794993743,0.9999398041829273
1550,18.0,0.6,0.607,0.993312009146973,0.059271963252771065,0.9998005067704091
1551,18.0,0.6,1.0,0.9886239413342374,-0.20201520894947772,0.9994452875610969
1552,18.0,0.7,0.0,1.0020815751626664,0.1810191875564557,0.9999999912511793
1553,18.0,0.7,0.05,1.0002700818369068,-0.08236778545041551,0.999998935859769
1554,18.0,0.7,0.0824,1.003748154557113,0.018439678981160584,0.999997806722064
1555,18.0,0.7,0.1357,0.9909623612885603,0.15507341351175263,0.9999924604006193
1556,18.0,0.7,0.2236,0.998379178696928,-0.03998423690875473,0.9999795740387212
1557,18.0,0.7,0.3684,0.9976099781127217,-0.1249191661495076,0.9999528900066615
1558,18.0,0.7,0.607,1.0036748069589363,0.08869556870203796,0.9998533311171418
1559,18.0,0.7,1.0,0.9966515842408677,0.013745090868003823,0.9995899727187127
1560,18.0,0.8,0.0,1.0079595715935548,-0.02145560321797174,0.9999999913457815
1561,18.0,0.8,0.05,1.0063734018095163,-0.10828056201963573,0.9999992305613311
1562,18.0,0.8,0.0824,1.00624015060985,0.023759190282316267,0.9999983036994454
1563,18.0,0.8,0.1357,1.0107950856918464,-0.038908293994542986,0.9999938488968668
1564,18.0,0.8,0.2236,0.9996701726560938,-0.1818669908451589,0.9999843652727503
1565,18.0,0.8,0.3684,1.0049144060016657,-0.2001353084242665,0.9999660056920823
1566,18.0,0.8,0.607,1.004727133515862,-0.18259510293948805,0.9998872954162724
1567,18.0,0.8,1.0,1.0077721211068142,-0.019917164813405074,0.9996953327109152
1568,18.0,0.9,0.0,1.010388858194675,-0.24395038379474615,0.9999999916789454
1569,18.0,0.9,0.05,1.0099535560951265,0.030069846981436332,0.9999993899289465
1570,18.0,0.9,0.0824,1.0114657733419554,-0.06172402997271531,0.9999986946126469
1571,18.0,0.9,0.1357,1.0092121367386784,-0.016460757132472636,0.9999953263251493
1572,18.0,0.9,0.2236,1.0113760971937975,-0.07234692930825892,0.9999877730660862
1573,18.0,0.9,0.3684,1.0121607090717288,-0.02108752440175509,0.9999714736741122
1574,18.0,0.9,0.607,1.0113567429154948,-0.05833283623597521,0.9999103419520047
1575,18.0,0.9,1.0,1.0122889788555178,-0.13897597357940045,0.9997505558010847
1576,18.0,1.0,0.0,1.0121569324898674,0.040476478255707396,0.9999999925560463
1577,18.0,1.0,0.05,1.0131034226904285,-0.018281760420078175,0.9999995034626845
1578,18.0,1.0,0.0824,1.0126323721265276,0.04915926466915038,0.9999989653441008
1579,18.0,1.0,0.1357,1.0108898357537888,0.1240659113267851,0.9999962011002548
1580,18.0,1.0,0.2236,1.0086464098803098,-0.07811246809160141,0.9999897962359053
1581,18.0,1.0,0.3684,1.0127729546093502,-0.163151775107935,0.9999772005848794
1582,18.0,1.0,0.607,1.0118730801573392,-0.06535153278137196,0.9999282051758409
1583,18.0,1.0,1.0,1.0133553560028505,0.00652992364899499,0.9997937449505682
1584,19.0,0.0,0.0,1.011445997706098,0.00012082498275703755,0.11630088993327285
1585,19.0,0.0,0.05,1.0114524828453497,0.00011380001057610042,0.09415540936438489
1586,19.0,0.0,0.0824,1.0114522974213,0.0001071290793967562,0.11092500636668381
1587,19.0,0.0,0.1357,1.0114588427220228,7.806796827005842e-05,0.1138385342485183
1588,19.0,0.0,0.2236,1.0114559060376993,4.4159713804117094e-05,0.022342035781946414
1589,19.0,0.0,0.3684,1.0114639234233656,2.4671634263053294e-05,0.06125286613452241
1590,19.0,0.0,0.607,1.0114958948483839,4.578965050229395e-06,0.07773056437632987
1591,19.0,0.0,1.0,1.0116616212031275,3.6054000218070773e-06,0.030162502783106483
1592,19.0,0.1,0.0,0.9898516077730286,-0.02695775991922221,0.999999990187506
1593,19.0,0.1,0.05,0.9899888475419857,-0.22520652752043868,0.99994529850802
1594,19.0,0.1,0.0824,0.9889046701286298,-0.048322465303180254,0.9998922660762591
1595,19.0,0.1,0.1357,0.9902154606919328,-0.16918309260642428,0.9996161457406211
1596,19.0,0.1,0.2236,0.9912812568832542,0.04566757494397605,0.9990134806163203
1597,19.0,0.1,0.3684,0.9897562701986818,0.03140262471019195,0.9976434410681173
1598,19.0,0.1,0.607,0.9902199698717037,-0.2069124521758011,0.9925741338625428
1599,19.0,0.1,1.0,0.9884409295182038,-0.1414672838050603,0.9782332099332486
1600,19.0,0.2,0.0,0.9889740373817675,-0.019339731423823947,0.9999999909871271
1601,19.0,0.2,0.05,0.9891668461002568,-0.09521621845425421,0.9999874414567239
1602,19.0,0.2,0.0824,0.9891601178575438,-0.06770341655920704,0.9999729034885176
1603,19.0,0.2,0.1357,0.9894279445025512,-0.059395578062011095,0.9999061690580106
1604,19.0,0.2,0.2236,0.9891946064038449,-0.021631310568814677,0.9997503331231512
1605,19.0,0.2,0.3684,0.9891261779992225,-0.1039358050720053,0.9994303549103111
1606,19.0,0.2,0.607,0.9891743534310941,0.06744416823990684,0.9981404164407929
1607,19.0,0.2,1.0,0.9892173801963456,-0.08123020419276894,0.9950850755146986
1608,19.0,0.3,0.0,0.9745434973797922,-0.06720087600314378,0.9999999893967044
1609,19.0,0.3,0.05,0.9760297027962918,0.11755866924960176,0.9999943304335925
1610,19.0,0.3,0.0824,0.9742564653886657,-0.007533486020315887,0.9999885093204308
1611,19.0,0.3,0.1357,0.9755592966123864,0.328312639300416,0.9999577746734142
1612,19.0,0.3,0.2236,0.9758560696574715,-0.34694380104929423,0.9998897470517066
1613,19.0,0.3,0.3684,0.9764498105560485,0.5579202819119807,0.9997506105283632
1614,19.0,0.3,0.607,0.9758787053160289,0.04869098227916446,0.9991851666894946
1615,19.0,0.3,1.0,0.9771999331951378,0.6316076082873406,0.997780488176061
1616,19.0,0.4,0.0,0.9757973486800247,-0.16348779604383853,0.9999999905062631
1617,19.0,0.4,0.05,0.974903005982366,0.038557267104808474,0.9999967020225959
1618,19.0,0.4,0.0824,0.9748509379278639,0.14463614004766623,0.9999935293894674
1619,19.0,0.4,0.1357,0.9748589480831644,-0.13034696425079173,0.9999761190955943
1620,19.0,0.4,0.2236,0.9751587215397237,0.26315326033920966,0.9999376902550291
1621,19.0,0.4,0.3684,0.9753783973121052,-0.31389341834192985,0.9998577894889421
1622,19.0,0.4,0.607,0.9746299855725808,0.1739707306074419,0.9995528577318468
1623,19.0,0.4,1.0,0.9734999599518651,-0.026594961302641662,0.9987086818264284
1624,19.0,0.5,0.0,0.9847789288245498,0.03807533914873923,0.9999999892189471
1625,19.0,0.5,0.05,0.9879929578362712,0.15921153924167045,0.9999979519325934
1626,19.0,0.5,0.0824,0.988066047006066,-0.059555906527821195,0.9999958441094504
1627,19.0,0.5,0.1357,0.9817280090912772,-0.17555627880650443,0.9999846837740181
1628,19.0,0.5,0.2236,0.9895935843380441,-0.2268629422634263,0.9999597450451201
1629,19.0,0.5,0.3684,0.9853789385589182,0.19236023306754146,0.9999112996789384
1630,19.0,0.5,0.607,0.9873584050817715,0.14144828222671174,0.9997178415540229
1631,19.0,0.5,1.0,0.9857031458643217,-0.07722213451161802,0.999194325322775
1632,19.0,0.6,0.0,0.9952184058939133,0.24447555420591732,0.9999999901236001
1633,19.0,0.6,0.05,0.9989662943180542,0.24736505554345792,0.9999985532961445
1634,19.0,0.6,0.0824,0.9940377970667534,0.10109940259067313,0.9999968960287099
1635,19.0,0.6,0.1357,0.9907045687587163,-0.16718968433414674,0.9999889080985703
1636,19.0,0.6,0.2236,1.0009664802524518,-0.008037617580653592,0.9999719862748356
1637,19.0,0.6,0.3684,0.996055272029637,-0.07805634781801107,0.9999377559517824
1638,19.0,0.6,0.607,0.9971799775832061,0.24669888025979558,0.9997991327198374
1639,19.0,0.6,1.0,0.9887039377116463,0.05970324457037042,0.9994230608077261
1640,19.0,0.7,0.0,1.0061691774491908,0.06047249234495532,0.9999999913351375
1641,19.0,0.7,0.05,1.0060950291272388,0.07485580382301402,0.9999989150490516
1642,19.0,0.7,0.0824,1.005887306251675,-0.19431734802474077,0.9999978008942756
1643,19.0,0.7,0.1357,1.0032322718842057,0.08646675758348552,0.9999921264709276
1644,19.0,0.7,0.2236,1.0062548853608217,-0.0944754783688246,0.9999802541589571
1645,19.0,0.7,0.3684,1.0024612662638912,-0.00788843725286631,0.9999538443687579
1646,19.0,0.7,0.607,1.0025505764343605,-0.2995152804811066,0.9998589392220063
1647,19.0,0.7,1.0,1.0015188316604133,-0.27780937725557575,0.9995846861123164
1648,19.0,0.8,0.0,1.006971970568858,-0.17444986846879126,0.9999999926503137
1649,19.0,0.8,0.05,1.008559961388763,-0.08469909525130614,0.9999992788817369
1650,19.0,0.8,0.0824,1.0082301079818978,-0.13335231909098139,0.9999983365743061
1651,19.0,0.8,0.1357,1.0026832045162453,-0.29550556398927397,0.9999939585615425
1652,19.0,0.8,0.2236,1.0041001796753428,-0.1438591136987773,0.9999844187092365
1653,19.0,0.8,0.3684,1.007577091439839,-0.07231194082948322,0.9999649702777972
1654,19.0,0.8,0.607,1.0076104809943776,0.3699051733961879,0.9998874354573031
1655,19.0,0.8,1.0,1.0052425945051415,0.19751036714768813,0.9996786130676371
1656,19.0,0.9,0.0,1.010146605116227,-0.07826860740971339,0.9999999934023861
1657,19.0,0.9,0.05,1.0070824711963227,0.22063694028433706,0.9999993712783981
1658,19.0,0.9,0.0824,1.0095090704471623,-0.029882300481320505,0.9999986796930417
1659,19.0,0.9,0.1357,1.0103509746743529,-0.057762863585469865,0.9999953644304812
1660,19.0,0.9,0.2236,1.0082475839215077,-0.16884597137605395,0.9999875018494216
1661,19.0,0.9,0.3684,1.010335918282713,-0.18411292627326603,0.9999718198485913
1662,19.0,0.9,0.607,1.008097417530345,0.1392871683247849,0.9999145588975296
1663,19.0,0.9,1.0,1.0099842402580044,-0.08312982549563902,0.9997451879449601
1664,19.0,1.0,0.0,1.0105476893707366,0.0011800218698715817,0.9999999936528867
1665,19.0,1.0,0.05,1.010558113526483,-0.18923483732424215,0.9999995002725721
1666,19.0,1.0,0.0824,1.0112669681265811,-0.002130164191509007,0.9999989382058803
1667,19.0,1.0,0.1357,1.0102697489917711,0.08681688781202901,0.9999961262838434
1668,19.0,1.0,0.2236,1.0103858567343695,0.17251714044875033,0.9999904639414916
1669,19.0,1.0,0.3684,1.0109792306227439,0.049792070395389146,0.9999775155004059
1670,19.0,1.0,0.607,1.0109824677732901,-0.14380266683298376,0.9999275823570701
1671,19.0,1.0,1.0,1.0093124415467902,-0.2005579346932484,0.9998045109696184
1672,20.0,0.0,0.0,1.0113058013896878,0.00012082498275703755,0.10296604423462655
1673,20.0,0.0,0.05,1.0113122467724929,0.00011380001057610042,0.031556562402961306
1674,20.0,0.0,0.0824,1.011312062485006,0.0001071290793967562,0.00903674460441327
1675,20.0,0.0,0.1357,1.0113185676717815,7.806796827005842e-05,0.15703000727497712
1676,20.0,0.0,0.2236,1.0113156489839628,4.4159713804117094e-05,0.14879216085590813
1677,20.0,0.0,0.3684,1.0113236172432718,2.4671634263053294e-05,0.07177114369748061
1678,20.0,0.0,0.607,1.0113553929381802,4.578965050229395e-06,0.0795812356398447
1679,20.0,0.0,1.0,1.0115201091334995,3.6054000218070773e-06,0.09985273386982901
1680,20.0,0.1,0.0,0.9944470196699058,0.05368133730372557,0.9999999896700245
1681,20.0,0.1,0.05,0.9948480034082092,-0.02022465997321246,0.9999492120924506
1682,20.0,0.1,0.0824,0.9931497282738315,0.1334851490782697,0.9998884092262881
1683,20.0,0.1,0.1357,0.9955459372402666,-0.11477994333963962,0.9996010090879546
1684,20.0,0.1,0.2236,0.9952071593834354,-0.055698090736242906,0.9990220502924776
1685,20.0,0.1,0.3684,0.9952991942200073,-0.19051964163556118,0.9976931738443788
1686,20.0,0.1,0.607,0.9944254889598011,0.17839326857424354,0.9927611505263091
1687,20.0,0.1,1.0,0.9927175675524115,0.0725132678075924,0.9787036091613983
1688,20.0,0.2,0.0,0.9927048369371163,0.04238110209264097,0.9999999892785167
1689,20.0,0.2,0.05,0.9931854779831051,-0.0010878875957506424,0.9999877468884176
1690,20.0,0.2,0.0824,0.9925333781244555,-0.16821578514549787,0.9999725265690613
1691,20.0,0.2,0.1357,0.9930337119440075,-0.1265359052697868,0.9999055300507219
1692,20.0,0.2,0.2236,0.9926474591192795,-0.06757966404015477,0.9997516541943303
1693,20.0,0.2,0.3684,0.9927421622777529,-0.12065232968554129,0.9994271623503259
1694,20.0,0.2,0.607,0.9930330189427415,-0.007518047475189166,0.9981225394525027
1695,20.0,0.2,1.0,0.9933320600596137,0.04711582224632049,0.9948679019235332
1696,20.0,0.3,0.0,0.9828264505415911,0.20150349688558464,0.9999999926499886
1697,20.0,0.3,0.05,0.9823419166599665,0.23442418351762628,0.9999944123052794
1698,20.0,0.3,0.0824,0.9825599456500212,-0.3184840611465316,0.9999880790529767
1699,20.0,0.3,0.1357,0.9830980657367892,0.1644105417663273,0.9999563050895262
1700,20.0,0.3,0.2236,0.9822377779676975,-0.44367587139025544,0.999888680426205
1701,20.0,0.3,0.3684,0.9846646464966489,0.2626259762139817,0.9997439426279606
1702,20.0,0.3,0.607,0.9819695767737625,0.03423271469029264,0.9991382878183119
1703,20.0,0.3,1.0,0.9820921686108683,0.041024442473165,0.9977062279691661
1704,20.0,0.4,0.0,0.986869454774278,-0.21114881781671496,0.999999991773638
1705,20.0,0.4,0.05,0.9867961825812438,-0.08672707707822336,0.9999967060777273
1706,20.0,0.4,0.0824,0.9856886699113203,-0.039574590173695606,0.999993182099284
1707,20.0,0.4,0.1357,0.9877029317332074,-0.18571775347505234,0.9999766667531632
1708,20.0,0.4,0.2236,0.9893218113979294,0.09593818222487413,0.9999392845410308
1709,20.0,0.4,0.3684,0.988223383194933,0.16496569053064863,0.9998612742068234
1710,20.0,0.4,0.607,0.988470916173717,-0.07743811192905288,0.9995504131066679
1711,20.0,0.4,1.0,0.9861156121186342,-0.41218985298946165,0.998712696155024
1712,20.0,0.5,0.0,0.9979912037405103,-0.0414692805284586,0.9999999925348804
1713,20.0,0.5,0.05,1.0018217731888022,0.023337243208455566,0.9999980337840023
1714,20.0,0.5,0.0824,0.9966774604017347,-0.06338626714278534,0.9999955083900184
1715,20.0,0.5,0.1357,1.0033429516912915,0.2456340881935538,0.9999844718971007
1716,20.0,0.5,0.2236,0.9957761024936355,-0.3252101935417256,0.9999612118081568
1717,20.0,0.5,0.3684,1.002905039281652,-0.20572828778476587,0.9999090746440827
1718,20.0,0.5,0.607,1.0008139077284561,-0.17814400316783452,0.9997137926772505
1719,20.0,0.5,1.0,1.001101734737614,-0.07804429087096043,0.9991823884886861
1720,20.0,0.6,0.0,0.9993647837680874,-0.08735577419099265,0.9999999904337888
1721,20.0,0.6,0.05,1.0122541327483179,-0.22999867447990274,0.9999986195682121
1722,20.0,0.6,0.0824,1.0074760403516336,0.020726235715945507,0.9999969319788853
1723,20.0,0.6,0.1357,1.0090147766538577,-0.07863681142179939,0.9999898603413554
1724,20.0,0.6,0.2236,1.0088717752126097,-0.1666594770392538,0.9999722537886296
1725,20.0,0.6,0.3684,1.0119502976351311,0.21684921675943786,0.9999378626196241
1726,20.0,0.6,0.607,0.9997568203077873,-0.33661717409301134,0.9998001960414465
1727,20.0,0.6,1.0,1.0036468977075903,-0.5393576906342592,0.9994351074150869
1728,20.0,0.7,0.0,1.0150320383616827,0.11943348238376161,0.9999999920326538
1729,20.0,0.7,0.05,1.0144504448807108,-0.05008471452278376,0.9999989396893765
1730,20.0,0.7,0.0824,1.012784915858652,0.13726643299376767,0.9999977826735207
1731,20.0,0.7,0.1357,1.013504235829296,-0.3091108019460391,0.9999920060222952
1732,20.0,0.7,0.2236,1.0099111201990887,-0.03937424218017385,0.9999798567672806
1733,20.0,0.7,0.3684,1.0138298980929652,-0.06784314734813102,0.9999540290573796
1734,20.0,0.7,0.607,1.0158562767973969,-0.13511087596762844,0.9998526575138704
1735,20.0,0.7,1.0,1.0133647270802908,-0.30292698002889257,0.999578723470775
1736,20.0,0.8,0.0,1.015168076388745,-0.17989099441628298,0.9999999924023947
1737,20.0,0.8,0.05,1.0150319891897375,0.15544601380698597,0.9999991901213303
1738,20.0,0.8,0.0824,1.0161725012718499,-0.08095135111397644,0.9999982890281917
1739,20.0,0.8,0.1357,1.016726570027723,0.05909228820271989,0.9999940533482313
1740,20.0,0.8,0.2236,1.0112887246091466,0.052382932367591145,0.9999844313017019
1741,20.0,0.8,0.3684,1.0168815019255615,0.1091805970272649,0.9999654798574416
1742,20.0,0.8,0.607,1.0153621643609076,-0.11762902630587188,0.9998865919808964
1743,20.0,0.8,1.0,1.0147762076939433,0.06767549768855488,0.9996836092988136
1744,20.0,0.9,0.0,1.0172519812022838,-0.07591314454608208,0.9999999931447197
1745,20.0,0.9,0.05,1.016155727504104,0.06634508829825658,0.9999993798421772
1746,20.0,0.9,0.0824,1.0170058887769562,-0.08221674324342201,0.9999987246018404
1747,20.0,0.9,0.1357,1.017245588544854,-0.0255617416921467,0.9999953649707857
1748,20.0,0.9,0.2236,1.0169828973339319,-0.050442395507679094,0.9999881748684503
1749,20.0,0.9,0.3684,1.0163742594026364,0.09818603360969864,0.999972318420992
1750,20.0,0.9,0.607,1.017143246252683,-0.014329604468019341,0.999909560843497
1751,20.0,0.9,1.0,1.0166277895007323,-0.0615830627770262,0.9997405774821824
1752,20.0,1.0,0.0,1.0170258440908753,-0.04585209653136697,0.9999999929833879
1753,20.0,1.0,0.05,1.0169025202162503,-0.04963631253895874,0.9999994870745853
1754,20.0,1.0,0.0824,1.0168801938609515,0.013282585929242585,0.9999988404534053
1755,20.0,1.0,0.1357,1.0152021142549306,0.04070931997554644,0.9999960320045319
1756,20.0,1.0,0.2236,1.0171344715703696,0.01635024905530212,0.9999904640394778
1757,20.0,1.0,0.3684,1.0168108879032134,0.04374697990490174,0.9999767593427495
1758,20.0,1.0,0.607,1.0170461241950977,0.029500027203807566,0.9999280176383392
1759,20.0,1.0,1.0,1.0171696855285912,0.013984191350361663,0.9997856431271571
